game_id,sezona,datum,protivnik,je_domacin,forma_5,forma_10,forma_opp_5,forma_opp_10,label
11,2005-06,2005-11-11,IND,1,4,8,0,7,1
12,2005-06,2005-11-12,LAC,1,4,8,5,10,0
13,2005-06,2005-11-13,LAL,0,3,7,4,7,1
14,2005-06,2005-11-15,DAL,0,3,8,1,6,1
15,2005-06,2005-11-17,PHI,1,3,8,1,7,1
16,2005-06,2005-11-18,PHI,1,4,8,1,5,1
17,2005-06,2005-11-20,UTA,0,4,8,2,1,1
18,2005-06,2005-11-23,MEM,0,5,8,3,6,0
19,2005-06,2005-11-24,TOR,0,4,7,2,10,1
20,2005-06,2005-11-26,PHX,1,4,7,1,2,1
21,2005-06,2005-11-28,SAS,0,4,8,3,7,0
22,2005-06,2005-11-29,CLE,1,3,7,1,2,1
23,2005-06,2005-12-04,HOU,0,3,8,1,5,0
24,2005-06,2005-12-05,BOS,1,3,7,2,1,0
25,2005-06,2005-12-06,OKC,1,2,6,2,5,1
26,2005-06,2005-12-07,TOR,0,2,6,4,8,1
27,2005-06,2005-12-09,MIN,1,3,6,1,3,1
28,2005-06,2005-12-14,WAS,0,3,6,3,7,0
29,2005-06,2005-12-15,UTA,0,3,6,3,8,1
30,2005-06,2005-12-16,BOS,1,4,6,0,9,0
31,2005-06,2005-12-17,LAL,1,3,5,3,2,1
32,2005-06,2005-12-18,MIL,0,3,6,1,4,1
33,2005-06,2005-12-21,DEN,1,3,6,0,2,1
34,2005-06,2005-12-26,GSW,1,4,7,5,10,0
35,2005-06,2005-12-29,CHA,1,3,7,5,9,1
36,2005-06,2005-12-30,SAC,0,4,7,4,5,1
37,2005-06,2006-01-01,TOR,1,4,7,2,8,1
38,2005-06,2006-01-03,CHI,0,4,7,0,5,0
39,2005-06,2006-01-05,BOS,1,3,7,3,6,0
40,2005-06,2006-01-09,PHI,0,3,6,2,1,0
41,2005-06,2006-01-10,NOP,1,2,6,1,8,1
42,2005-06,2006-01-12,SAC,1,2,6,2,1,0
43,2005-06,2006-01-13,NOP,0,1,5,0,8,1
44,2005-06,2006-01-14,OKC,0,2,5,5,8,0
45,2005-06,2006-01-15,MIN,1,2,5,1,7,1
46,2005-06,2006-01-16,ATL,1,3,5,3,0,1
47,2005-06,2006-01-17,DET,0,3,5,2,3,0
48,2005-06,2006-01-18,DET,1,3,4,3,3,1
49,2005-06,2006-01-19,SAS,0,3,5,3,4,1
50,2005-06,2006-01-20,CLE,0,4,6,1,1,1
51,2005-06,2006-01-24,CHI,0,4,7,5,9,1
52,2005-06,2006-01-25,OKC,1,4,7,4,6,1
53,2005-06,2006-01-26,DEN,1,5,8,5,3,0
54,2005-06,2006-02-03,CHI,1,4,7,4,4,0
55,2005-06,2006-02-04,MIN,1,3,7,3,4,0
56,2005-06,2006-02-05,MIL,0,2,6,5,6,0
57,2005-06,2006-02-06,GSW,1,1,5,0,5,0
58,2005-06,2006-02-07,NYK,0,0,5,1,9,1
59,2005-06,2006-02-11,ORL,0,1,5,0,5,1
60,2005-06,2006-02-13,CHA,1,2,5,2,10,0
61,2005-06,2006-02-14,UTA,0,2,4,2,9,0
62,2005-06,2006-02-17,LAL,0,2,3,1,2,1
63,2005-06,2006-02-26,PHX,0,3,3,4,9,1
64,2005-06,2006-03-06,DAL,1,3,4,2,1,1
65,2005-06,2006-03-08,WAS,1,3,5,1,8,1
66,2005-06,2006-03-09,IND,0,4,6,3,4,0
67,2005-06,2006-03-12,DEN,0,4,6,1,9,1
68,2005-06,2006-03-14,HOU,1,4,7,4,9,0
69,2005-06,2006-03-18,GSW,0,3,6,0,8,0
70,2005-06,2006-03-19,ATL,1,2,5,5,8,1
71,2005-06,2006-03-20,NJN,1,2,6,4,3,1
72,2005-06,2006-03-23,DET,1,3,7,1,1,1
73,2005-06,2006-03-28,LAC,0,3,7,0,4,1
74,2005-06,2006-03-30,BKN,1,4,7,4,2,1
75,2005-06,2006-03-31,LAC,1,5,7,4,7,1
76,2005-06,2006-04-01,ATL,0,5,7,4,3,1
77,2005-06,2006-04-02,POR,0,5,8,4,10,1
78,2005-06,2006-04-03,NJN,0,5,8,0,6,0
79,2005-06,2006-04-06,DAL,1,4,8,2,8,0
80,2005-06,2006-04-07,NYK,0,3,8,1,1,0
81,2005-06,2006-04-08,IND,0,2,7,4,9,1
82,2005-06,2006-04-12,HOU,1,2,7,3,9,0
83,2006-07,2006-10-20,CLE,1,1,6,2,5,0
84,2006-07,2006-10-22,DEN,0,1,5,0,6,1
85,2006-07,2006-10-23,BOS,1,2,5,2,8,0
86,2006-07,2006-10-25,DAL,1,2,4,2,2,1
87,2006-07,2006-10-29,SAC,0,2,4,4,5,0
88,2006-07,2006-10-30,POR,0,2,3,3,4,0
89,2006-07,2006-10-31,MEM,1,2,3,4,1,0
90,2006-07,2006-11-02,MIL,0,1,3,2,4,0
91,2006-07,2006-11-08,CHI,1,1,3,1,1,1
92,2006-07,2006-11-09,GSW,1,1,3,4,0,1
93,2006-07,2006-11-11,MIL,1,2,4,4,1,1
94,2006-07,2006-11-12,UTA,0,3,5,3,10,1
95,2006-07,2006-11-15,IND,1,4,5,4,5,1
96,2006-07,2006-11-16,NYK,0,5,6,2,10,1
97,2006-07,2006-11-17,GSW,0,5,6,3,4,1
98,2006-07,2006-11-18,DET,1,5,7,2,3,1
99,2006-07,2006-11-19,HOU,0,5,8,0,5,1
100,2006-07,2006-11-20,GSW,1,5,9,1,4,1
101,2006-07,2006-11-21,MIN,0,5,10,0,1,0
102,2006-07,2006-11-22,POR,0,4,9,3,6,0
103,2006-07,2006-11-23,OKC,1,3,8,2,2,1
104,2006-07,2006-11-26,SAS,0,3,8,3,6,1
105,2006-07,2006-11-27,ORL,1,3,8,5,7,0
106,2006-07,2006-11-28,TOR,1,2,7,1,2,0
107,2006-07,2006-11-29,IND,0,2,6,2,1,0
108,2006-07,2006-11-30,NOP,1,2,5,4,8,0
109,2006-07,2006-12-01,CHI,0,1,4,1,5,1
110,2006-07,2006-12-04,NJN,1,1,4,0,1,1
111,2006-07,2006-12-05,PHI,0,2,4,1,10,1
112,2006-07,2006-12-11,TOR,0,3,5,1,1,0
113,2006-07,2006-12-12,BOS,1,3,5,5,7,1
114,2006-07,2006-12-23,ATL,0,4,5,4,10,0
115,2006-07,2006-12-26,LAC,0,3,4,3,2,0
116,2006-07,2006-12-28,DEN,1,2,4,4,1,0
117,2006-07,2006-12-29,LAL,1,1,4,4,1,0
118,2006-07,2006-12-30,CLE,1,1,4,1,3,0
119,2006-07,2006-12-31,DEN,0,0,4,4,1,1
120,2006-07,2007-01-04,ORL,0,1,4,3,7,1
121,2006-07,2007-01-05,WAS,0,2,4,4,1,1
122,2006-07,2007-01-07,UTA,1,3,4,4,5,1
123,2006-07,2007-01-13,LAL,1,4,5,2,10,0
124,2006-07,2007-01-15,WAS,0,4,4,1,8,0
125,2006-07,2007-01-22,IND,1,3,4,1,6,0
126,2006-07,2007-01-23,CLE,0,2,4,2,3,1
127,2006-07,2007-01-27,PHI,1,2,5,4,6,1
128,2006-07,2007-01-29,OKC,1,2,6,4,5,0
129,2006-07,2007-01-30,DET,1,2,6,0,4,0
130,2006-07,2007-01-31,LAC,1,2,5,3,1,0
131,2006-07,2007-02-05,MIN,1,2,4,2,9,1
132,2006-07,2007-02-06,DET,1,2,4,1,4,0
133,2006-07,2007-02-07,NYK,0,1,3,1,2,1
134,2006-07,2007-02-09,HOU,1,2,4,2,4,0
135,2006-07,2007-02-10,DAL,0,2,4,5,4,1
136,2006-07,2007-02-11,NOP,0,3,5,2,8,0
137,2006-07,2007-02-12,PHX,0,2,4,3,7,1
138,2006-07,2007-02-15,PHX,0,3,4,4,8,1
139,2006-07,2007-02-16,PHI,1,3,5,2,0,1
140,2006-07,2007-02-19,LAC,1,4,6,5,4,0
141,2006-07,2007-02-21,MEM,0,3,6,5,5,0
142,2006-07,2007-02-22,OKC,1,3,5,1,0,0
143,2006-07,2007-02-26,UTA,1,2,5,2,3,1
144,2006-07,2007-02-28,MIN,1,2,5,2,8,1
145,2006-07,2007-03-03,CHA,0,2,6,1,1,0
146,2006-07,2007-03-04,CHI,1,2,5,0,5,1
147,2006-07,2007-03-06,LAL,0,3,6,3,2,1
148,2006-07,2007-03-08,HOU,1,4,6,3,0,1
149,2006-07,2007-03-10,SAS,0,4,6,0,2,1
150,2006-07,2007-03-11,TOR,0,4,6,1,10,1
151,2006-07,2007-03-17,SAC,0,5,7,5,8,0
152,2006-07,2007-03-20,NJN,0,4,7,1,10,1
153,2006-07,2007-03-21,MIL,0,4,8,1,5,1
154,2006-07,2007-03-22,SAC,1,4,8,2,1,0
155,2006-07,2007-03-23,BKN,1,3,7,5,5,0
156,2006-07,2007-03-25,CHA,0,2,7,1,5,1
157,2006-07,2007-03-28,BKN,1,3,7,3,8,0
158,2006-07,2007-04-01,BOS,0,2,6,4,1,0
159,2006-07,2007-04-03,ATL,0,1,5,1,5,1
160,2006-07,2007-04-05,POR,1,2,5,4,2,1
161,2006-07,2007-04-06,PHX,0,3,5,2,3,1
162,2006-07,2007-04-08,DAL,0,3,6,3,7,0
163,2006-07,2007-04-09,ATL,1,3,5,3,5,0
164,2006-07,2007-04-14,NYK,0,3,4,3,4,1
165,2007-08,2007-10-21,MIN,1,3,5,0,4,0
166,2007-08,2007-10-22,WAS,1,2,5,4,5,1
167,2007-08,2007-10-23,CHI,0,2,5,2,8,1
168,2007-08,2007-10-27,CHI,0,3,6,1,9,0
169,2007-08,2007-10-30,NOP,1,3,6,0,10,0
170,2007-08,2007-11-06,GSW,1,2,5,3,8,0
171,2007-08,2007-11-08,DAL,0,2,4,3,3,1
172,2007-08,2007-11-11,CLE,0,2,4,0,7,0
173,2007-08,2007-11-13,LAC,0,1,4,3,4,0
174,2007-08,2007-11-15,NJN,0,1,4,1,3,0
175,2007-08,2007-11-16,MIL,1,1,3,3,8,0
176,2007-08,2007-11-19,WAS,0,1,3,1,0,0
177,2007-08,2007-11-22,ORL,1,0,2,3,9,0
178,2007-08,2007-11-24,HOU,0,0,1,2,5,0
179,2007-08,2007-11-28,OKC,1,0,1,5,6,1
180,2007-08,2007-12-02,GSW,0,1,2,1,7,0
181,2007-08,2007-12-04,PHX,1,1,2,2,9,0
182,2007-08,2007-12-05,CHA,0,1,1,1,6,0
183,2007-08,2007-12-09,LAC,1,1,1,5,6,0
184,2007-08,2007-12-11,UTA,1,1,1,4,1,0
185,2007-08,2007-12-16,ATL,1,0,1,1,5,0
186,2007-08,2007-12-19,CHA,0,0,1,3,2,0
187,2007-08,2007-12-21,TOR,0,0,1,4,7,0
188,2007-08,2007-12-25,DEN,0,0,1,3,5,0
189,2007-08,2007-12-27,SAS,1,0,1,3,7,0
190,2007-08,2007-12-28,CLE,1,0,0,1,0,0
191,2007-08,2007-12-30,ATL,0,0,0,0,1,0
192,2007-08,2008-01-04,MEM,1,0,0,4,7,1
193,2007-08,2008-01-05,MIL,0,1,1,5,1,1
194,2007-08,2008-01-10,TOR,1,2,2,3,1,1
195,2007-08,2008-01-11,NYK,0,3,3,2,0,0
196,2007-08,2008-01-14,PHI,0,3,3,2,10,0
197,2007-08,2008-01-15,UTA,1,3,3,4,7,0
198,2007-08,2008-01-16,IND,1,2,3,4,4,0
199,2007-08,2008-01-17,BOS,0,1,3,4,3,0
200,2007-08,2008-01-19,UTA,1,0,3,4,3,0
201,2007-08,2008-01-20,MEM,0,0,3,3,8,0
202,2007-08,2008-01-22,NOP,0,0,3,0,7,0
203,2007-08,2008-01-24,PHI,0,0,2,1,2,1
204,2007-08,2008-01-25,IND,1,1,2,4,2,1
205,2007-08,2008-01-29,POR,1,2,2,3,1,0
206,2007-08,2008-01-30,CLE,0,2,2,0,7,0
207,2007-08,2008-02-03,POR,0,2,2,1,8,0
208,2007-08,2008-02-04,IND,1,2,2,3,3,0
209,2007-08,2008-02-06,TOR,0,1,2,0,0,1
210,2007-08,2008-02-07,DAL,0,1,3,1,1,0
211,2007-08,2008-02-08,PHX,1,1,3,3,10,0
212,2007-08,2008-02-09,OKC,1,1,3,3,3,1
213,2007-08,2008-02-11,BOS,1,2,4,3,8,0
214,2007-08,2008-02-12,ORL,1,2,3,1,6,0
215,2007-08,2008-02-14,PHX,0,1,2,4,4,0
216,2007-08,2008-02-15,NJN,0,1,2,1,2,0
217,2007-08,2008-02-16,HOU,0,1,2,2,1,0
218,2007-08,2008-02-17,LAL,0,0,2,4,6,1
219,2007-08,2008-02-20,POR,1,1,3,3,8,0
220,2007-08,2008-02-22,CHI,0,1,2,4,6,0
221,2007-08,2008-02-23,DEN,1,1,2,3,5,0
222,2007-08,2008-02-26,NYK,1,1,2,3,0,0
223,2007-08,2008-02-29,DAL,1,1,1,0,10,0
224,2007-08,2008-03-01,LAL,0,0,1,2,8,0
225,2007-08,2008-03-02,MIN,0,0,1,1,3,0
226,2007-08,2008-03-04,DET,1,0,1,1,10,0
227,2007-08,2008-03-05,SAC,0,0,1,5,6,0
228,2007-08,2008-03-06,PHI,1,0,1,2,6,0
229,2007-08,2008-03-07,MIN,1,0,0,4,7,0
230,2007-08,2008-03-10,ATL,1,0,0,3,8,1
231,2007-08,2008-03-12,BKN,1,1,1,4,7,0
232,2007-08,2008-03-15,DEN,1,1,1,3,1,0
233,2007-08,2008-03-16,LAL,1,1,1,3,3,0
234,2007-08,2008-03-19,SAS,0,1,1,2,9,0
235,2007-08,2008-03-21,SAC,1,1,1,1,2,0
236,2007-08,2008-03-26,DET,0,0,1,4,4,1
237,2007-08,2008-03-28,GSW,0,1,2,1,4,0
238,2007-08,2008-03-29,BOS,0,1,2,0,4,0
239,2007-08,2008-03-30,OKC,0,1,2,3,6,0
240,2007-08,2008-03-31,SAC,1,1,2,1,9,0
241,2007-08,2008-04-01,MIL,0,1,1,5,2,0
242,2007-08,2008-04-03,NYK,0,0,1,5,1,0
243,2007-08,2008-04-04,HOU,0,0,1,5,2,0
244,2007-08,2008-04-07,BKN,1,0,1,2,9,0
245,2007-08,2008-04-09,DET,1,0,1,0,6,1
246,2007-08,2008-04-10,LAC,1,1,2,5,3,0
247,2008-09,2008-10-23,WAS,1,1,1,2,8,1
248,2008-09,2008-10-25,HOU,1,2,2,5,9,1
249,2008-09,2008-10-27,NJN,1,3,3,5,8,0
250,2008-09,2008-10-29,NOP,1,3,3,4,9,1
251,2008-09,2008-10-30,MIL,0,3,4,1,3,0
252,2008-09,2008-10-31,MIN,0,3,4,2,8,0
253,2008-09,2008-11-06,OKC,1,2,4,4,5,1
254,2008-09,2008-11-07,CHI,1,2,5,2,8,0
255,2008-09,2008-11-08,BKN,1,2,5,1,7,0
256,2008-09,2008-11-09,DAL,0,1,4,3,8,1
257,2008-09,2008-11-10,MIN,1,2,5,5,7,1
258,2008-09,2008-11-11,DET,0,3,5,3,2,1
259,2008-09,2008-11-12,POR,0,3,5,3,5,0
260,2008-09,2008-11-14,NYK,0,3,5,0,10,1
261,2008-09,2008-11-18,PHX,1,4,5,3,9,1
262,2008-09,2008-11-19,ATL,1,4,6,5,0,0
263,2008-09,2008-11-20,ORL,1,3,6,1,2,0
264,2008-09,2008-11-21,CLE,0,2,5,3,1,0
265,2008-09,2008-11-25,TOR,1,2,5,4,7,0
266,2008-09,2008-11-26,CHI,0,1,5,4,8,1
267,2008-09,2008-11-27,PHX,1,1,5,3,2,0
268,2008-09,2008-11-28,GSW,1,1,4,4,5,1
269,2008-09,2008-11-30,LAL,0,2,4,2,8,1
270,2008-09,2008-12-01,DET,1,3,5,1,7,0
271,2008-09,2008-12-04,ATL,1,3,4,4,5,0
272,2008-09,2008-12-06,NOP,0,2,3,4,6,1
273,2008-09,2008-12-07,LAC,0,3,4,4,5,1
274,2008-09,2008-12-11,LAC,1,3,5,5,3,1
275,2008-09,2008-12-14,HOU,0,3,6,3,6,1
276,2008-09,2008-12-17,DET,1,4,7,3,7,0
277,2008-09,2008-12-18,TOR,1,4,6,4,9,0
278,2008-09,2008-12-19,UTA,0,3,6,3,6,0
279,2008-09,2008-12-20,PHI,0,2,5,4,8,0
280,2008-09,2008-12-22,BOS,0,1,4,4,2,0
281,2008-09,2008-12-26,IND,1,0,4,4,5,1
282,2008-09,2008-12-31,MIN,1,1,5,2,0,0
283,2008-09,2009-01-01,LAL,0,1,4,2,2,1
284,2008-09,2009-01-02,GSW,0,2,4,0,7,0
285,2008-09,2009-01-06,LAC,0,2,3,3,10,0
286,2008-09,2009-01-07,DEN,1,2,2,0,1,0
287,2008-09,2009-01-09,SAC,1,1,2,2,4,1
288,2008-09,2009-01-10,MEM,0,2,3,3,8,0
289,2008-09,2009-01-12,NYK,0,1,3,1,2,0
290,2008-09,2009-01-14,CHI,0,1,3,3,6,1
291,2008-09,2009-01-15,TOR,1,2,4,0,7,1
292,2008-09,2009-01-16,PHX,0,3,4,0,6,1
293,2008-09,2009-01-25,CHA,1,3,5,4,2,1
294,2008-09,2009-01-26,BOS,0,4,5,2,4,0
295,2008-09,2009-01-29,OKC,1,4,5,1,8,1
296,2008-09,2009-02-01,ATL,0,4,6,3,6,1
297,2008-09,2009-02-02,LAL,1,4,7,4,0,0
298,2008-09,2009-02-06,OKC,0,3,6,1,8,0
299,2008-09,2009-02-08,PHI,1,2,6,3,0,0
300,2008-09,2009-02-09,GSW,0,2,6,0,7,0
301,2008-09,2009-02-10,POR,0,1,5,0,2,0
302,2008-09,2009-02-11,WAS,1,0,4,3,10,1
303,2008-09,2009-02-12,MEM,0,1,4,3,4,0
304,2008-09,2009-02-13,DEN,1,1,3,3,3,1
305,2008-09,2009-02-17,SAS,1,2,4,4,1,1
306,2008-09,2009-02-18,DEN,0,3,4,5,3,1
307,2008-09,2009-02-21,CLE,1,4,4,3,9,0
308,2008-09,2009-02-23,BOS,0,3,4,2,10,0
309,2008-09,2009-02-25,IND,0,3,4,4,4,0
310,2008-09,2009-02-27,UTA,0,2,4,1,4,1
311,2008-09,2009-03-01,CHA,1,2,5,2,7,0
312,2008-09,2009-03-03,SAC,1,1,5,0,9,1
313,2008-09,2009-03-05,UTA,0,2,5,0,6,1
314,2008-09,2009-03-13,POR,1,3,6,5,4,1
315,2008-09,2009-03-15,SAS,0,4,6,4,4,1
316,2008-09,2009-03-16,IND,1,4,6,3,7,0
317,2008-09,2009-03-20,SAC,1,4,5,2,0,1
318,2008-09,2009-03-21,ORL,0,4,6,1,6,0
319,2008-09,2009-03-24,MIL,0,3,6,1,4,1
320,2008-09,2009-03-26,DAL,0,3,7,1,8,1
321,2008-09,2009-03-27,MIL,0,3,7,3,1,1
322,2008-09,2009-03-31,CLE,0,4,8,4,6,1
323,2008-09,2009-04-02,HOU,1,4,8,3,5,1
324,2008-09,2009-04-04,NYK,0,5,8,1,6,1
325,2008-09,2009-04-06,DAL,1,5,8,5,1,0
326,2008-09,2009-04-10,BKN,1,4,7,4,6,1
327,2008-09,2009-04-11,PHI,0,4,8,3,6,0
328,2008-09,2009-04-13,NJN,1,3,7,3,6,1
329,2009-10,2009-10-21,WAS,0,3,8,2,6,1
330,2009-10,2009-10-26,NYK,0,3,8,1,7,1
331,2009-10,2009-10-27,MIL,1,4,8,2,8,1
332,2009-10,2009-10-30,MEM,1,4,8,4,3,1
333,2009-10,2009-11-02,MIN,0,5,8,0,8,0
334,2009-10,2009-11-03,OKC,1,4,7,1,5,0
335,2009-10,2009-11-06,POR,1,3,6,0,1,1
336,2009-10,2009-11-08,TOR,1,3,7,0,1,1
337,2009-10,2009-11-09,GSW,0,3,7,4,3,0
338,2009-10,2009-11-12,HOU,0,2,7,4,8,1
339,2009-10,2009-11-15,BOS,0,3,7,2,7,0
340,2009-10,2009-11-16,ORL,0,3,6,0,8,0
341,2009-10,2009-11-18,PHX,0,2,5,2,5,1
342,2009-10,2009-11-23,SAC,1,2,5,2,4,1
343,2009-10,2009-11-25,CLE,0,3,5,1,1,1
344,2009-10,2009-11-28,NOP,1,3,6,2,3,1
345,2009-10,2009-11-29,MIN,1,4,7,2,4,1
346,2009-10,2009-11-30,LAL,1,5,7,3,1,0
347,2009-10,2009-12-03,HOU,1,4,6,3,2,0
348,2009-10,2009-12-05,PHX,0,3,6,0,6,1
349,2009-10,2009-12-12,CHA,0,3,6,2,7,1
350,2009-10,2009-12-13,TOR,1,3,7,3,10,1
351,2009-10,2009-12-14,PHX,1,3,8,3,9,0
352,2009-10,2009-12-15,MIN,0,3,7,4,6,0
353,2009-10,2009-12-16,BKN,1,3,6,3,4,0
354,2009-10,2009-12-21,UTA,0,2,5,1,6,0
355,2009-10,2009-12-24,MIL,0,1,4,0,8,1
356,2009-10,2009-12-27,NOP,1,1,4,3,1,1
357,2009-10,2009-12-28,UTA,1,2,5,0,4,1
358,2009-10,2009-12-30,TOR,0,3,6,3,8,1
359,2009-10,2009-12-31,UTA,1,4,6,5,4,1
360,2009-10,2010-01-01,ATL,0,5,6,3,6,0
361,2009-10,2010-01-04,SAC,1,4,5,2,6,1
362,2009-10,2010-01-05,CHI,1,4,6,3,2,0
363,2009-10,2010-01-07,LAL,0,3,6,2,4,0
364,2009-10,2010-01-12,POR,0,2,6,3,3,1
365,2009-10,2010-01-14,GSW,1,2,7,5,0,0
366,2009-10,2010-01-15,BOS,0,2,6,2,0,1
367,2009-10,2010-01-17,GSW,0,2,6,5,8,1
368,2009-10,2010-01-18,SAS,1,3,6,5,3,0
369,2009-10,2010-01-20,DAL,0,3,5,1,5,1
370,2009-10,2010-01-22,DAL,1,3,5,0,3,0
371,2009-10,2010-01-24,POR,1,3,5,1,9,1
372,2009-10,2010-01-27,NJN,1,3,5,0,3,1
373,2009-10,2010-01-30,NYK,0,3,6,0,4,1
374,2009-10,2010-02-02,NJN,0,4,7,3,9,1
375,2009-10,2010-02-04,PHI,0,4,7,0,8,0
376,2009-10,2010-02-05,CHA,1,4,7,2,2,0
377,2009-10,2010-02-06,ATL,0,3,6,4,8,1
378,2009-10,2010-02-10,MEM,1,3,6,0,5,1
379,2009-10,2010-02-11,LAL,0,3,7,4,5,0
380,2009-10,2010-02-13,CHI,1,2,6,1,1,1
381,2009-10,2010-02-14,CLE,0,3,7,1,1,0
382,2009-10,2010-02-16,HOU,1,3,6,3,7,1
383,2009-10,2010-02-17,DEN,0,3,6,3,5,1
384,2009-10,2010-02-20,ATL,0,3,6,4,4,1
385,2009-10,2010-02-26,SAS,1,4,6,4,7,1
386,2009-10,2010-03-01,IND,1,4,7,4,8,0
387,2009-10,2010-03-02,LAC,1,4,7,1,2,0
388,2009-10,2010-03-08,IND,0,3,6,1,6,0
389,2009-10,2010-03-11,OKC,0,2,5,4,1,0
390,2009-10,2010-03-12,NYK,0,1,5,4,8,0
391,2009-10,2010-03-13,LAC,1,0,4,5,7,0
392,2009-10,2010-03-15,DEN,0,0,4,2,10,0
393,2009-10,2010-03-16,LAC,1,0,3,2,1,0
394,2009-10,2010-03-18,DET,0,0,2,4,1,0
395,2009-10,2010-03-20,PHI,0,0,1,2,3,0
396,2009-10,2010-03-21,OKC,1,0,0,5,3,1
397,2009-10,2010-03-22,WAS,0,1,1,4,2,0
398,2009-10,2010-03-23,IND,0,1,1,2,9,1
399,2009-10,2010-03-26,ORL,0,2,2,4,2,1
400,2009-10,2010-03-27,BOS,0,3,3,4,3,1
401,2009-10,2010-03-28,DET,0,4,4,1,8,1
402,2009-10,2010-03-29,DAL,1,4,5,5,4,0
403,2009-10,2010-03-30,BKN,1,4,5,3,8,1
404,2009-10,2010-04-01,CHI,1,4,6,4,1,1
405,2009-10,2010-04-02,MIL,1,4,7,2,5,1
406,2009-10,2010-04-04,DET,1,4,8,4,0,0
407,2009-10,2010-04-07,PHI,0,3,7,2,1,0
408,2009-10,2010-04-08,DEN,1,3,7,0,9,1
409,2009-10,2010-04-11,CLE,1,3,7,5,1,1
410,2009-10,2010-04-13,SAC,1,3,7,0,5,1
411,2010-11,2010-10-20,DET,0,3,7,2,4,1
412,2010-11,2010-10-21,NYK,0,4,7,5,3,1
413,2010-11,2010-10-22,ORL,1,5,8,5,9,0
414,2010-11,2010-10-24,IND,0,4,7,3,0,1
415,2010-11,2010-10-25,IND,1,4,7,3,7,1
416,2010-11,2010-10-27,GSW,0,4,7,2,10,1
417,2010-11,2010-10-28,SAS,1,4,8,1,6,1
418,2010-11,2010-10-29,CLE,0,4,9,2,9,1
419,2010-11,2010-11-01,DEN,0,5,9,3,1,1
420,2010-11,2010-11-02,BOS,1,5,9,4,4,0
421,2010-11,2010-11-05,DAL,0,4,8,4,3,1
422,2010-11,2010-11-09,GSW,0,4,8,4,7,1
423,2010-11,2010-11-10,MIN,1,4,8,0,10,1
424,2010-11,2010-11-14,CLE,0,4,9,2,3,1
425,2010-11,2010-11-17,PHI,0,4,9,0,7,1
426,2010-11,2010-11-19,MIN,0,5,9,3,2,1
427,2010-11,2010-11-20,SAC,1,5,9,2,6,1
428,2010-11,2010-11-21,UTA,1,5,9,4,5,1
429,2010-11,2010-11-24,CHA,1,5,9,2,10,1
430,2010-11,2010-11-25,WAS,0,5,9,1,6,1
431,2010-11,2010-11-26,MIL,0,5,10,1,3,0
432,2010-11,2010-11-27,OKC,1,4,9,4,1,1
433,2010-11,2010-12-03,GSW,1,4,9,3,2,1
434,2010-11,2010-12-04,MIL,1,4,9,1,2,1
435,2010-11,2010-12-05,PHX,1,4,9,0,3,1
436,2010-11,2010-12-06,ORL,1,4,9,4,9,1
437,2010-11,2010-12-08,BOS,0,5,9,0,6,0
438,2010-11,2010-12-14,NJN,1,4,8,4,5,0
439,2010-11,2010-12-16,NOP,1,3,7,4,1,1
440,2010-11,2010-12-19,PHX,1,3,7,0,9,1
441,2010-11,2010-12-20,TOR,1,3,7,0,7,0
442,2010-11,2010-12-23,TOR,0,2,7,5,1,1
443,2010-11,2010-12-24,SAC,1,3,7,2,7,1
444,2010-11,2010-12-26,HOU,0,4,7,2,5,0
445,2010-11,2010-12-28,CHI,0,3,6,4,1,1
446,2010-11,2010-12-29,NYK,0,3,6,5,5,0
447,2010-11,2011-01-01,LAC,1,3,5,5,5,1
448,2010-11,2011-01-02,POR,0,3,6,4,2,0
449,2010-11,2011-01-05,SAS,0,2,6,2,9,1
450,2010-11,2011-01-08,BKN,1,3,6,0,8,1
451,2010-11,2011-01-09,OKC,1,3,6,4,7,1
452,2010-11,2011-01-12,WAS,0,4,7,3,5,1
453,2010-11,2011-01-13,LAL,0,4,7,2,4,1
454,2010-11,2011-01-18,DET,0,5,7,5,7,1
455,2010-11,2011-01-21,LAC,1,5,8,1,5,1
456,2010-11,2011-01-23,HOU,1,5,8,2,1,1
457,2010-11,2011-01-28,HOU,0,5,9,0,5,1
458,2010-11,2011-02-03,TOR,1,5,9,2,8,0
459,2010-11,2011-02-04,DEN,1,4,9,0,5,1
460,2010-11,2011-02-05,POR,0,4,9,1,1,1
461,2010-11,2011-02-06,LAL,1,4,9,1,8,1
462,2010-11,2011-02-08,LAC,1,4,9,3,2,1
463,2010-11,2011-02-11,POR,1,4,9,4,3,1
464,2010-11,2011-02-12,PHI,1,5,9,3,2,0
465,2010-11,2011-02-14,MIN,0,4,8,5,3,0
466,2010-11,2011-02-15,BOS,0,3,7,2,8,0
467,2010-11,2011-02-16,ATL,1,2,6,1,5,1
468,2010-11,2011-02-17,MEM,1,2,6,4,2,0
469,2010-11,2011-02-19,ATL,1,1,6,1,9,1
470,2010-11,2011-02-20,PHI,0,2,6,5,9,1
471,2010-11,2011-02-21,UTA,1,3,6,0,9,1
472,2010-11,2011-02-23,SAC,0,4,6,5,2,1
473,2010-11,2011-02-24,DAL,0,4,6,0,5,0
474,2010-11,2011-02-25,CHI,0,4,5,4,10,1
475,2010-11,2011-02-28,CLE,0,4,6,3,8,0
476,2010-11,2011-03-03,UTA,0,3,6,5,0,1
477,2010-11,2011-03-04,CHA,0,3,7,0,1,0
478,2010-11,2011-03-05,DET,1,2,6,3,5,1
479,2010-11,2011-03-06,ATL,0,3,7,5,9,0
480,2010-11,2011-03-09,BKN,0,2,6,3,5,1
481,2010-11,2011-03-14,IND,0,3,6,3,5,0
482,2010-11,2011-03-18,DAL,0,2,5,3,1,1
483,2010-11,2011-03-20,NOP,1,3,5,2,7,0
484,2010-11,2011-03-26,NYK,1,2,5,3,8,0
485,2010-11,2011-03-27,NJN,1,2,4,3,4,1
486,2010-11,2011-03-31,MEM,1,2,5,5,8,1
487,2010-11,2011-04-03,PHX,0,3,5,0,10,1
488,2010-11,2011-04-04,MIL,1,3,6,1,2,1
489,2010-11,2011-04-06,DEN,1,4,6,5,5,0
490,2010-11,2011-04-09,CHI,1,4,6,4,3,1
491,2010-11,2011-04-11,OKC,0,4,6,2,8,0
492,2010-11,2011-04-14,LAL,0,3,6,3,6,0
493,2011-12,2011-10-22,ATL,0,2,5,1,6,0
494,2011-12,2011-10-25,GSW,1,1,5,1,8,1
495,2011-12,2011-10-31,SAS,1,2,6,2,4,0
496,2011-12,2011-11-01,DAL,1,1,5,2,9,1
497,2011-12,2011-11-02,NOP,0,2,5,3,5,1
498,2011-12,2011-11-04,CHI,1,3,5,0,2,0
499,2011-12,2011-11-05,BKN,1,3,4,5,7,1
500,2011-12,2011-11-07,LAL,0,3,5,5,8,1
501,2011-12,2011-11-12,CLE,1,4,5,3,3,0
502,2011-12,2011-11-16,SAC,1,3,5,3,9,1
503,2011-12,2011-11-23,WAS,0,3,6,2,9,1
504,2011-12,2011-11-24,OKC,0,4,7,4,3,0
505,2011-12,2011-11-29,ORL,1,3,6,3,10,1
506,2011-12,2011-12-02,MIN,1,3,7,1,1,0
507,2011-12,2011-12-06,MEM,1,3,6,5,2,1
508,2011-12,2011-12-07,NYK,1,3,6,4,2,1
509,2011-12,2011-12-08,DET,1,3,7,5,9,1
510,2011-12,2011-12-09,SAS,0,4,7,4,7,1
511,2011-12,2011-12-14,DEN,0,4,7,3,2,0
512,2011-12,2011-12-20,ATL,1,4,7,2,4,1
513,2011-12,2011-12-22,UTA,1,4,7,5,6,1
514,2011-12,2011-12-26,LAL,1,4,7,4,1,1
515,2011-12,2011-12-29,POR,0,4,8,0,9,1
516,2011-12,2011-12-30,ATL,0,4,8,0,8,1
517,2011-12,2011-12-31,PHX,0,5,9,2,5,1
518,2011-12,2012-01-01,TOR,0,5,9,4,10,0
519,2011-12,2012-01-02,CLE,0,4,8,5,4,0
520,2011-12,2012-01-06,LAC,1,3,7,1,10,1
521,2011-12,2012-01-07,LAC,0,3,7,3,7,1
522,2011-12,2012-01-08,BOS,1,3,8,2,6,0
523,2011-12,2012-01-11,ORL,1,2,7,5,2,1
524,2011-12,2012-01-15,MEM,0,3,7,4,9,0
525,2011-12,2012-01-18,OKC,1,3,6,4,4,1
526,2011-12,2012-01-20,NYK,1,3,6,2,2,0
527,2011-12,2012-01-21,CHI,1,2,5,2,0,1
528,2011-12,2012-01-25,CHI,0,3,5,1,6,1
529,2011-12,2012-01-26,NOP,1,3,6,0,5,0
530,2011-12,2012-01-28,DET,1,3,6,4,7,1
531,2011-12,2012-01-29,UTA,0,3,6,4,9,1
532,2011-12,2012-01-30,PHX,0,4,6,5,1,1
533,2011-12,2012-01-31,BOS,0,4,7,5,7,1
534,2011-12,2012-02-02,GSW,0,4,7,3,2,0
535,2011-12,2012-02-04,SAC,0,4,7,4,9,0
536,2011-12,2012-02-07,MIL,0,3,6,5,8,1
537,2011-12,2012-02-12,DAL,0,3,7,4,5,1
538,2011-12,2012-02-14,CHA,0,3,7,1,7,1
539,2011-12,2012-02-16,NJN,0,3,7,2,3,1
540,2011-12,2012-02-17,PHI,1,4,8,1,5,1
541,2011-12,2012-02-23,MIL,0,5,8,5,8,1
542,2011-12,2012-02-24,NJN,1,5,8,3,5,0
543,2011-12,2012-02-26,TOR,0,4,7,1,4,1
544,2011-12,2012-02-28,BOS,0,4,7,3,5,1
545,2011-12,2012-03-05,HOU,1,4,8,3,8,0
546,2011-12,2012-03-06,HOU,0,3,8,2,3,1
547,2011-12,2012-03-13,DEN,0,3,8,1,2,1
548,2011-12,2012-03-15,IND,1,4,8,3,7,1
549,2011-12,2012-03-17,WAS,0,4,8,3,8,0
550,2011-12,2012-03-18,BKN,1,3,7,4,1,1
551,2011-12,2012-03-20,PHI,0,4,7,3,2,1
552,2011-12,2012-03-25,NYK,0,4,7,4,1,1
553,2011-12,2012-03-29,TOR,1,4,8,3,3,1
554,2011-12,2012-03-30,PHI,1,4,8,3,5,0
555,2011-12,2012-04-02,IND,1,4,7,4,7,1
556,2011-12,2012-04-08,CHA,0,4,8,2,7,1
557,2011-12,2012-04-12,POR,1,4,8,1,6,0
558,2011-12,2012-04-14,MIN,1,3,7,0,4,1
559,2012-13,2012-10-21,MIL,0,3,7,4,8,1
560,2012-13,2012-10-22,TOR,0,4,8,3,5,1
561,2012-13,2012-10-27,POR,0,4,8,4,10,0
562,2012-13,2012-10-29,MIL,1,3,7,1,6,0
563,2012-13,2012-10-30,SAS,1,3,6,1,1,1
564,2012-13,2012-11-03,UTA,0,3,6,0,7,1
565,2012-13,2012-11-04,GSW,1,3,7,2,3,1
566,2012-13,2012-11-11,CLE,0,3,7,3,7,1
567,2012-13,2012-11-13,LAL,1,4,7,2,1,1
568,2012-13,2012-11-16,DET,1,5,8,2,2,1
569,2012-13,2012-11-19,DEN,0,5,8,5,9,0
570,2012-13,2012-11-20,MEM,0,4,7,2,2,1
571,2012-13,2012-11-23,UTA,0,4,7,3,8,1
572,2012-13,2012-11-24,SAC,0,4,8,4,3,0
573,2012-13,2012-11-28,NYK,1,3,8,2,6,1
574,2012-13,2012-11-29,SAC,1,3,8,3,7,1
575,2012-13,2012-12-03,NJN,0,4,8,4,5,1
576,2012-13,2012-12-05,PHI,0,4,8,5,3,1
577,2012-13,2012-12-06,CHI,0,4,8,1,2,1
578,2012-13,2012-12-08,MIN,0,5,8,5,0,1
579,2012-13,2012-12-12,BOS,0,5,8,2,3,1
580,2012-13,2012-12-15,DAL,1,5,9,1,7,1
581,2012-13,2012-12-16,GSW,0,5,9,2,9,1
582,2012-13,2012-12-19,OKC,1,5,9,5,9,0
583,2012-13,2012-12-22,ATL,1,4,9,2,8,1
584,2012-13,2012-12-23,OKC,1,4,9,2,8,0
585,2012-13,2012-12-25,IND,1,3,8,3,7,1
586,2012-13,2012-12-26,BKN,0,3,8,1,3,1
587,2012-13,2012-12-27,LAL,1,3,8,0,9,1
588,2012-13,2012-12-29,DEN,0,4,8,1,7,1
589,2012-13,2012-12-31,DAL,0,4,8,1,6,1
590,2012-13,2013-01-03,SAS,0,5,8,1,1,0
591,2012-13,2013-01-04,NOP,0,4,7,1,4,1
592,2012-13,2013-01-05,LAC,1,4,7,3,5,1
593,2012-13,2013-01-06,IND,1,4,8,1,9,0
594,2012-13,2013-01-07,GSW,0,3,7,2,5,1
595,2012-13,2013-01-10,LAL,0,3,8,4,4,1
596,2012-13,2013-01-11,POR,1,4,8,2,10,1
597,2012-13,2013-01-12,CHA,0,4,8,3,1,1
598,2012-13,2013-01-13,BOS,0,4,8,1,4,0
599,2012-13,2013-01-14,TOR,0,4,7,1,0,1
600,2012-13,2013-01-15,NYK,1,4,7,0,7,0
601,2012-13,2013-01-17,ATL,1,3,7,1,9,1
602,2012-13,2013-01-18,DAL,0,3,7,1,3,1
603,2012-13,2013-01-20,MEM,1,3,7,1,9,1
604,2012-13,2013-01-22,WAS,0,4,8,0,3,1
605,2012-13,2013-01-23,PHI,0,4,8,1,9,1
606,2012-13,2013-01-24,ATL,1,5,8,2,8,1
607,2012-13,2013-01-25,DET,0,5,8,1,8,1
608,2012-13,2013-01-26,PHX,1,5,8,2,0,1
609,2012-13,2013-01-28,OKC,1,5,9,3,10,1
610,2012-13,2013-01-30,BOS,0,5,9,3,7,1
611,2012-13,2013-01-31,MIL,0,5,10,0,3,1
612,2012-13,2013-02-02,HOU,0,5,10,4,8,0
613,2012-13,2013-02-06,NYK,1,4,9,3,3,1
614,2012-13,2013-02-11,MIN,1,4,9,0,9,1
615,2012-13,2013-02-13,POR,0,4,9,4,1,0
616,2012-13,2013-02-15,HOU,1,3,8,5,7,1
617,2012-13,2013-02-16,PHX,0,3,8,0,5,1
618,2012-13,2013-02-18,NJN,0,4,8,1,1,1
619,2012-13,2013-02-19,CHI,0,4,8,4,2,1
620,2012-13,2013-02-24,TOR,1,4,8,4,0,1
621,2012-13,2013-02-25,CLE,1,5,8,1,5,1
622,2012-13,2013-02-28,DEN,1,5,8,1,3,0
623,2012-13,2013-03-01,NOP,0,4,8,2,6,0
624,2012-13,2013-03-11,MIN,0,3,7,2,3,1
625,2012-13,2013-03-13,BKN,1,3,7,3,3,1
626,2012-13,2013-03-14,DET,1,3,8,2,7,0
627,2012-13,2013-03-15,WAS,1,2,7,2,0,1
628,2012-13,2013-03-18,CHI,0,3,7,4,9,1
629,2012-13,2013-03-20,LAC,0,4,7,0,9,1
630,2012-13,2013-03-21,PHI,1,4,7,1,7,1
631,2012-13,2013-03-22,ORL,1,4,7,4,6,1
632,2012-13,2013-03-24,SAC,1,5,7,4,9,1
633,2012-13,2013-03-25,ORL,1,5,8,3,2,0
634,2012-13,2013-03-28,CLE,1,4,8,3,1,1
635,2012-13,2013-03-30,LAC,0,4,8,1,2,1
636,2012-13,2013-04-01,HOU,1,4,8,2,8,1
637,2012-13,2013-04-06,UTA,1,4,9,3,0,1
638,2012-13,2013-04-07,IND,1,4,9,1,6,1
639,2012-13,2013-04-10,PHX,1,5,9,1,10,1
640,2012-13,2013-04-13,CHA,1,5,9,2,9,1
641,2013-14,2013-10-21,MIN,0,5,9,0,5,1
642,2013-14,2013-10-22,GSW,1,5,9,2,1,0
643,2013-14,2013-10-23,MIN,1,4,8,1,8,1
644,2013-14,2013-10-24,DET,0,4,9,2,6,1
645,2013-14,2013-10-25,TOR,0,4,9,1,1,1
646,2013-14,2013-10-27,PHX,1,4,9,4,1,0
647,2013-14,2013-10-28,UTA,0,3,8,3,9,1
648,2013-14,2013-10-29,NYK,0,4,8,3,7,0
649,2013-14,2013-10-30,ORL,1,3,7,4,8,0
650,2013-14,2013-11-01,OKC,0,2,6,2,9,1
651,2013-14,2013-11-04,ATL,1,2,6,0,6,1
652,2013-14,2013-11-09,POR,1,3,6,3,5,1
653,2013-14,2013-11-10,CLE,0,3,7,3,4,1
654,2013-14,2013-11-12,BKN,0,4,7,4,3,0
655,2013-14,2013-11-13,TOR,1,4,6,2,4,0
656,2013-14,2013-11-16,PHX,1,3,5,1,8,0
657,2013-14,2013-11-18,PHX,0,2,5,1,6,1
658,2013-14,2013-11-23,BOS,1,2,5,2,9,1
659,2013-14,2013-11-24,POR,1,2,6,3,4,1
660,2013-14,2013-11-27,PHI,0,3,7,3,6,1
661,2013-14,2013-12-01,MEM,0,4,7,2,6,1
662,2013-14,2013-12-04,CHI,1,5,7,5,6,1
663,2013-14,2013-12-07,DEN,0,5,7,3,7,1
664,2013-14,2013-12-08,NOP,0,5,7,1,2,1
665,2013-14,2013-12-14,NJN,0,5,8,1,5,1
666,2013-14,2013-12-16,SAC,0,5,9,1,1,0
667,2013-14,2013-12-19,HOU,1,4,9,1,4,0
668,2013-14,2013-12-20,IND,0,3,8,1,5,1
669,2013-14,2013-12-21,LAL,0,3,8,1,7,1
670,2013-14,2013-12-22,PHI,1,3,8,1,10,1
671,2013-14,2013-12-23,IND,0,3,8,1,6,0
672,2013-14,2013-12-26,LAC,1,3,7,4,7,1
673,2013-14,2013-12-27,WAS,1,4,7,0,5,1
674,2013-14,2013-12-28,DEN,1,4,7,3,6,1
675,2013-14,2013-12-29,MIN,0,4,7,2,1,1
676,2013-14,2013-12-31,CHI,1,4,7,5,3,1
677,2013-14,2014-01-01,OKC,1,5,8,1,4,0
678,2013-14,2014-01-04,DET,0,4,8,2,5,1
679,2013-14,2014-01-09,LAC,1,4,8,5,0,1
680,2013-14,2014-01-10,BOS,1,4,8,4,1,1
681,2013-14,2014-01-15,SAS,1,4,8,4,3,1
682,2013-14,2014-01-16,CHI,1,4,9,1,10,1
683,2013-14,2014-01-17,DAL,1,5,9,1,3,1
684,2013-14,2014-01-18,NJN,1,5,9,3,5,1
685,2013-14,2014-01-23,NYK,0,5,9,5,2,1
686,2013-14,2014-01-25,BKN,1,5,9,3,6,1
687,2013-14,2014-01-28,CLE,1,5,9,3,3,0
688,2013-14,2014-01-29,UTA,1,4,9,1,2,0
689,2013-14,2014-01-31,NYK,1,3,8,4,5,0
690,2013-14,2014-02-02,LAC,0,2,7,1,0,0
691,2013-14,2014-02-04,SAS,0,1,6,2,0,1
692,2013-14,2014-02-05,CHA,1,1,6,2,2,1
693,2013-14,2014-02-06,CHA,0,2,6,3,0,0
694,2013-14,2014-02-07,MIL,1,2,5,1,1,0
695,2013-14,2014-02-08,DET,0,2,4,1,3,1
696,2013-14,2014-02-13,LAL,1,3,4,3,8,0
697,2013-14,2014-02-14,HOU,0,2,3,1,6,1
698,2013-14,2014-02-20,HOU,1,2,4,3,5,1
699,2013-14,2014-02-21,NOP,1,3,5,1,3,0
700,2013-14,2014-02-25,SAC,0,3,5,2,9,0
701,2013-14,2014-02-26,WAS,0,2,5,3,4,0
702,2013-14,2014-03-03,CLE,1,2,4,0,1,1
703,2013-14,2014-03-04,TOR,0,2,4,2,6,1
704,2013-14,2014-03-05,SAC,1,2,5,1,1,1
705,2013-14,2014-03-06,ATL,0,3,6,0,3,0
706,2013-14,2014-03-07,GSW,0,3,5,5,5,1
707,2013-14,2014-03-10,OKC,1,4,6,2,9,1
708,2013-14,2014-03-16,MIL,0,4,6,4,5,1
709,2013-14,2014-03-18,LAL,1,4,6,1,7,1
710,2013-14,2014-03-21,UTA,1,4,7,3,10,1
711,2013-14,2014-03-25,BOS,0,5,8,4,1,0
712,2013-14,2014-03-26,DAL,0,4,8,3,3,1
713,2013-14,2014-03-27,IND,1,4,8,2,4,1
714,2013-14,2014-03-31,MIL,1,4,8,2,4,1
715,2013-14,2014-04-01,DAL,0,4,8,2,4,0
716,2013-14,2014-04-02,POR,0,3,8,5,9,1
717,2013-14,2014-04-03,DEN,0,4,8,4,7,0
718,2013-14,2014-04-06,ORL,0,3,7,5,6,1
719,2013-14,2014-04-07,PHI,0,3,7,1,3,0
720,2013-14,2014-04-09,GSW,0,2,6,4,8,1
721,2013-14,2014-04-12,MEM,0,3,6,5,10,0
722,2013-14,2014-04-14,ATL,1,2,6,1,8,0
723,2014-15,2014-10-21,SAC,0,2,5,0,0,0
724,2014-15,2014-10-26,UTA,1,1,4,4,6,0
725,2014-15,2014-10-27,GSW,1,1,3,3,1,1
726,2014-15,2014-11-05,LAL,1,1,4,4,3,0
727,2014-15,2014-11-06,TOR,1,1,3,1,1,0
728,2014-15,2014-11-10,PHI,0,1,3,4,6,1
729,2014-15,2014-11-11,BOS,0,2,3,1,7,1
730,2014-15,2014-11-12,NYK,0,3,4,1,1,1
731,2014-15,2014-11-13,SAC,1,3,4,1,4,0
732,2014-15,2014-11-15,SAS,1,3,4,4,5,0
733,2014-15,2014-11-18,MIL,0,3,4,3,4,1
734,2014-15,2014-11-19,DAL,0,3,5,3,1,1
735,2014-15,2014-11-23,ATL,1,3,6,2,4,0
736,2014-15,2014-11-24,HOU,1,2,5,4,8,1
737,2014-15,2014-11-25,POR,1,3,6,2,1,1
738,2014-15,2014-11-29,MIL,0,4,7,4,1,0
739,2014-15,2014-12-03,MIN,1,3,6,2,4,0
740,2014-15,2014-12-04,BOS,0,2,5,2,9,0
741,2014-15,2014-12-05,CLE,0,2,4,2,7,1
742,2014-15,2014-12-06,NJN,1,2,5,2,7,0
743,2014-15,2014-12-08,IND,0,1,5,4,4,1
744,2014-15,2014-12-09,BOS,1,2,5,3,6,1
745,2014-15,2014-12-11,LAC,1,3,5,1,0,0
746,2014-15,2014-12-13,POR,0,3,5,4,6,0
747,2014-15,2014-12-16,NYK,0,2,4,2,9,1
748,2014-15,2014-12-20,ORL,1,3,4,3,6,0
749,2014-15,2014-12-21,DEN,0,2,4,5,9,0
750,2014-15,2014-12-22,CHA,1,1,4,3,7,1
751,2014-15,2014-12-23,LAC,1,2,5,1,1,1
752,2014-15,2014-12-26,LAL,0,3,5,5,9,0
753,2014-15,2014-12-27,DEN,0,2,5,3,1,0
754,2014-15,2014-12-30,DAL,1,2,4,2,5,0
755,2014-15,2015-01-04,IND,1,2,3,1,1,0
756,2014-15,2015-01-06,OKC,1,1,3,4,0,0
757,2014-15,2015-01-07,PHX,1,0,3,3,4,0
758,2014-15,2015-01-08,NYK,0,0,2,3,3,1
759,2014-15,2015-01-09,GSW,1,1,3,4,5,0
760,2014-15,2015-01-10,CHI,1,1,3,4,6,1
761,2014-15,2015-01-11,MEM,0,2,3,1,0,1
762,2014-15,2015-01-15,MIN,1,3,3,2,1,0
763,2014-15,2015-01-16,NJN,0,3,3,1,6,1
764,2014-15,2015-01-17,SAS,1,3,4,4,3,0
765,2014-15,2015-01-18,UTA,1,3,4,0,7,0
766,2014-15,2015-01-21,DEN,0,2,4,3,7,1
767,2014-15,2015-01-23,LAC,0,2,5,4,8,1
768,2014-15,2015-01-26,CLE,1,3,6,4,7,1
769,2014-15,2015-01-27,WAS,1,3,6,2,4,0
770,2014-15,2015-01-28,PHX,1,3,6,4,7,0
771,2014-15,2015-01-29,CHA,0,3,5,1,3,0
772,2014-15,2015-02-04,MIL,1,2,4,4,3,0
773,2014-15,2015-02-06,MIN,1,1,4,1,8,0
774,2014-15,2015-02-07,DAL,0,0,3,2,4,0
775,2014-15,2015-02-10,PHI,0,0,3,4,8,0
776,2014-15,2015-02-12,POR,1,0,3,1,8,1
777,2014-15,2015-02-14,WAS,1,1,3,1,9,1
778,2014-15,2015-02-17,CHI,0,2,3,4,9,1
779,2014-15,2015-02-21,NOP,1,3,3,4,4,1
780,2014-15,2015-02-22,MEM,0,4,4,3,3,0
781,2014-15,2015-02-26,ATL,0,4,4,3,6,1
782,2014-15,2015-02-27,UTA,0,4,5,3,4,0
783,2014-15,2015-03-01,OKC,0,3,5,1,6,0
784,2014-15,2015-03-04,DET,1,2,5,2,7,1
785,2014-15,2015-03-06,DET,1,2,6,1,7,1
786,2014-15,2015-03-10,SAC,0,3,7,5,4,1
787,2014-15,2015-03-13,TOR,0,3,7,3,2,0
788,2014-15,2015-03-16,BKN,0,3,6,2,4,0
789,2014-15,2015-03-18,OKC,0,3,5,2,1,0
790,2014-15,2015-03-19,CLE,1,2,4,5,9,0
791,2014-15,2015-03-20,IND,0,1,4,1,3,1
792,2014-15,2015-03-21,PHX,0,1,4,3,2,0
793,2014-15,2015-03-23,CHI,1,1,4,3,0,0
794,2014-15,2015-03-24,ATL,1,1,4,3,6,1
795,2014-15,2015-03-26,DET,0,2,4,0,6,0
796,2014-15,2015-03-31,BKN,0,2,3,4,3,0
797,2014-15,2015-04-02,TOR,0,1,2,5,1,1
798,2014-15,2015-04-03,LAL,1,2,3,3,4,0
799,2014-15,2015-04-04,GSW,0,2,3,3,3,1
800,2014-15,2015-04-05,HOU,1,2,4,5,7,1
801,2014-15,2015-04-06,HOU,0,3,5,4,6,0
802,2014-15,2015-04-09,ORL,0,3,4,1,4,1
803,2014-15,2015-04-10,NOP,1,3,5,3,2,1
804,2014-15,2015-04-11,PHI,0,4,6,3,10,1
805,2015-16,2015-10-20,DET,0,4,6,2,5,0
806,2015-16,2015-10-21,POR,1,3,6,4,7,0
807,2015-16,2015-10-22,IND,0,3,6,5,1,1
808,2015-16,2015-10-23,LAC,0,3,6,5,5,1
809,2015-16,2015-10-25,UTA,1,3,7,2,0,0
810,2015-16,2015-10-27,SAS,0,2,6,1,5,1
811,2015-16,2015-10-28,DEN,1,3,6,5,10,0
812,2015-16,2015-10-29,NYK,1,3,6,4,4,1
813,2015-16,2015-11-02,MEM,0,3,6,1,0,0
814,2015-16,2015-11-03,SAS,1,2,5,5,0,1
815,2015-16,2015-11-05,IND,0,3,5,4,4,1
816,2015-16,2015-11-09,ORL,1,3,6,3,2,1
817,2015-16,2015-11-10,PHI,1,4,7,3,0,0
818,2015-16,2015-11-11,MIN,1,3,6,2,8,1
819,2015-16,2015-11-18,IND,1,4,6,0,5,0
820,2015-16,2015-11-19,CLE,1,3,6,2,3,1
821,2015-16,2015-11-21,NJN,0,3,6,4,9,1
822,2015-16,2015-11-22,CLE,1,3,7,0,1,1
823,2015-16,2015-11-24,CHA,1,4,7,2,10,1
824,2015-16,2015-11-28,HOU,1,4,8,2,3,1
825,2015-16,2015-11-30,GSW,0,5,8,3,9,1
826,2015-16,2015-12-01,WAS,0,5,8,5,6,0
827,2015-16,2015-12-03,DEN,1,4,7,2,8,1
828,2015-16,2015-12-05,ATL,1,4,8,2,10,0
829,2015-16,2015-12-06,BKN,1,3,7,4,3,1
830,2015-16,2015-12-11,OKC,0,3,8,2,10,1
831,2015-16,2015-12-17,DET,1,3,8,1,4,1
832,2015-16,2015-12-20,BOS,0,4,8,2,4,0
833,2015-16,2015-12-21,PHX,0,3,7,1,3,0
834,2015-16,2015-12-22,MIL,0,3,6,1,5,0
835,2015-16,2015-12-24,NYK,0,2,5,2,2,0
836,2015-16,2015-12-25,CHI,0,1,4,2,6,0
837,2015-16,2015-12-26,DET,0,0,4,5,5,1
838,2015-16,2015-12-27,PHX,1,1,4,2,8,1
839,2015-16,2015-12-28,MIL,0,2,5,3,8,0
840,2015-16,2015-12-30,LAL,0,2,4,3,4,0
841,2015-16,2015-12-31,SAC,1,2,3,0,3,0
842,2015-16,2016-01-01,TOR,0,2,2,3,3,0
843,2015-16,2016-01-07,POR,0,1,2,1,2,0
844,2015-16,2016-01-08,CLE,0,0,2,5,1,1
845,2015-16,2016-01-11,DAL,1,1,3,1,3,1
846,2015-16,2016-01-13,LAL,0,2,4,2,3,1
847,2015-16,2016-01-14,NOP,1,3,5,0,10,1
848,2015-16,2016-01-16,BOS,1,4,5,5,6,1
849,2015-16,2016-01-19,ORL,1,5,5,3,3,1
850,2015-16,2016-01-20,CHI,0,5,6,3,6,1
851,2015-16,2016-01-22,DAL,1,5,7,0,1,0
852,2015-16,2016-01-23,DAL,1,4,7,4,4,0
853,2015-16,2016-01-26,MIN,1,3,7,1,6,0
854,2015-16,2016-01-28,OKC,0,2,7,4,5,1
855,2015-16,2016-01-30,POR,0,2,7,1,4,0
856,2015-16,2016-02-05,NJN,0,1,6,1,10,0
857,2015-16,2016-02-06,SAC,0,1,5,0,9,1
858,2015-16,2016-02-08,CHA,1,2,5,2,6,0
859,2015-16,2016-02-13,PHI,0,2,4,3,6,1
860,2015-16,2016-02-14,TOR,0,2,4,0,6,0
861,2015-16,2016-02-16,HOU,0,2,3,4,2,1
862,2015-16,2016-02-19,SAC,1,3,4,2,4,1
863,2015-16,2016-02-24,LAC,0,3,5,3,0,0
864,2015-16,2016-02-25,TOR,1,3,5,2,5,1
865,2015-16,2016-02-27,WAS,1,3,5,2,5,1
866,2015-16,2016-02-29,PHX,0,4,6,3,2,1
867,2015-16,2016-03-01,PHI,1,4,7,1,10,1
868,2015-16,2016-03-05,DEN,0,4,7,1,9,0
869,2015-16,2016-03-06,OKC,0,4,7,4,7,0
870,2015-16,2016-03-13,MIL,0,3,6,5,5,0
871,2015-16,2016-03-16,ATL,1,2,6,2,9,1
872,2015-16,2016-03-18,GSW,1,2,6,1,1,1
873,2015-16,2016-03-22,LAL,1,2,6,3,8,0
874,2015-16,2016-03-24,HOU,1,2,6,2,1,1
875,2015-16,2016-03-25,LAC,1,3,6,0,8,1
876,2015-16,2016-03-27,BKN,0,4,6,1,3,1
877,2015-16,2016-03-31,NOP,1,4,6,4,9,1
878,2015-16,2016-04-02,GSW,0,4,6,3,9,1
879,2015-16,2016-04-03,ATL,1,5,7,0,1,0
880,2015-16,2016-04-04,MEM,0,4,7,1,5,1
881,2015-16,2016-04-05,UTA,1,4,8,1,10,1
882,2015-16,2016-04-07,UTA,0,4,8,3,5,1
883,2015-16,2016-04-08,MIN,1,4,8,0,9,1
884,2015-16,2016-04-09,BOS,0,4,9,1,6,1
885,2015-16,2016-04-10,CHI,1,5,9,4,4,0
886,2015-16,2016-04-12,NYK,0,4,8,1,3,0
887,2016-17,2016-10-20,NOP,1,3,7,3,2,1
888,2016-17,2016-10-21,CHA,1,3,7,1,8,0
889,2016-17,2016-10-25,IND,1,2,6,0,4,1
890,2016-17,2016-10-26,LAL,0,2,7,1,5,0
891,2016-17,2016-10-28,PHX,0,2,6,4,5,0
892,2016-17,2016-10-31,NYK,1,2,5,4,6,1
893,2016-17,2016-11-02,ATL,1,2,5,4,9,0
894,2016-17,2016-11-04,UTA,0,2,4,2,10,1
895,2016-17,2016-11-07,SAC,1,2,4,3,4,1
896,2016-17,2016-11-08,NOP,1,3,5,1,8,0
897,2016-17,2016-11-10,DEN,1,3,5,1,8,0
898,2016-17,2016-11-14,SAS,0,2,4,4,6,0
899,2016-17,2016-11-15,NJN,1,2,4,0,10,1
900,2016-17,2016-11-17,LAC,0,2,4,0,2,0
901,2016-17,2016-11-19,MEM,0,1,4,1,1,1
902,2016-17,2016-11-20,DAL,1,2,5,0,9,1
903,2016-17,2016-11-21,BKN,1,3,5,1,4,1
904,2016-17,2016-11-22,MIN,0,4,6,3,8,1
905,2016-17,2016-11-23,CLE,1,4,6,2,9,0
906,2016-17,2016-11-25,DET,1,4,5,4,1,0
907,2016-17,2016-11-26,BOS,0,3,5,4,9,1
908,2016-17,2016-11-29,LAC,1,3,6,2,4,0
909,2016-17,2016-12-01,LAL,1,2,6,1,5,1
910,2016-17,2016-12-03,CHA,1,2,6,2,6,0
911,2016-17,2016-12-04,DEN,0,2,6,3,9,0
912,2016-17,2016-12-05,OKC,0,2,5,1,0,1
913,2016-17,2016-12-08,PHI,1,2,5,3,5,0
914,2016-17,2016-12-10,CLE,0,2,4,2,7,1
915,2016-17,2016-12-12,OKC,0,2,4,3,7,1
916,2016-17,2016-12-15,CHI,0,3,5,2,7,0
917,2016-17,2016-12-16,DET,1,3,5,1,1,0
918,2016-17,2017-01-03,UTA,0,2,4,5,3,0
919,2016-17,2017-01-05,POR,1,2,4,4,4,1
920,2016-17,2017-01-06,MIN,0,2,4,1,8,1
921,2016-17,2017-01-09,ATL,1,2,5,4,3,1
922,2016-17,2017-01-10,ORL,1,3,6,2,2,1
923,2016-17,2017-01-12,SAC,1,4,6,4,10,0
924,2016-17,2017-01-13,UTA,0,4,6,4,0,1
925,2016-17,2017-01-14,DAL,0,4,6,2,10,1
926,2016-17,2017-01-15,CLE,0,4,6,0,7,0
927,2016-17,2017-01-16,TOR,1,3,6,1,8,0
928,2016-17,2017-01-18,OKC,1,2,6,3,3,0
929,2016-17,2017-01-19,NJN,1,2,6,3,0,0
930,2016-17,2017-01-20,HOU,0,1,5,1,7,1
931,2016-17,2017-01-21,GSW,0,1,5,1,8,1
932,2016-17,2017-01-23,LAC,0,2,5,4,7,0
933,2016-17,2017-01-24,WAS,0,2,4,5,1,1
934,2016-17,2017-01-28,NYK,1,3,5,3,8,1
935,2016-17,2017-01-29,DEN,1,4,5,1,8,1
936,2016-17,2017-02-02,BOS,1,4,5,1,7,0
937,2016-17,2017-02-08,MIL,1,3,5,0,8,1
938,2016-17,2017-02-10,IND,1,4,6,5,8,0
939,2016-17,2017-02-12,PHX,0,3,6,1,6,0
940,2016-17,2017-02-18,CHI,1,2,6,3,1,0
941,2016-17,2017-02-19,CHI,0,1,5,1,5,0
942,2016-17,2017-02-21,PHI,0,1,4,3,1,0
943,2016-17,2017-02-22,MIN,1,0,4,3,4,1
944,2016-17,2017-02-24,BOS,0,1,4,4,4,1
945,2016-17,2017-02-28,SAS,0,2,4,1,1,1
946,2016-17,2017-03-01,ORL,1,3,4,0,3,1
947,2016-17,2017-03-02,GSW,0,4,5,1,1,1
948,2016-17,2017-03-03,HOU,0,5,5,5,8,1
949,2016-17,2017-03-04,IND,0,5,6,4,9,1
950,2016-17,2017-03-05,PHX,1,5,7,3,1,0
951,2016-17,2017-03-06,TOR,1,4,7,3,10,0
952,2016-17,2017-03-08,GSW,1,3,7,3,5,0
953,2016-17,2017-03-12,PHI,1,2,7,1,3,1
954,2016-17,2017-03-13,DET,0,2,7,5,1,0
955,2016-17,2017-03-15,ATL,0,1,6,2,5,0
956,2016-17,2017-03-16,MIL,0,1,5,2,8,0
957,2016-17,2017-03-17,WAS,0,1,4,3,7,1
958,2016-17,2017-03-19,DAL,1,2,4,0,1,0
959,2016-17,2017-03-20,BKN,0,1,3,1,1,0
960,2016-17,2017-03-26,NYK,0,1,2,4,4,1
961,2016-17,2017-03-30,LAL,0,2,3,0,3,1
962,2016-17,2017-04-02,POR,0,3,4,3,2,0
963,2016-17,2017-04-03,MIL,0,2,4,1,3,0
964,2016-17,2017-04-07,SAC,1,2,3,2,8,0
965,2016-17,2017-04-08,POR,0,2,3,1,9,1
966,2016-17,2017-04-10,TOR,0,2,4,2,4,1
967,2016-17,2017-04-13,MEM,1,2,5,4,9,0
968,2016-17,2017-04-14,HOU,1,2,4,1,3,1
969,2017-18,2017-10-21,NYK,0,3,5,3,5,1
970,2017-18,2017-10-22,UTA,1,4,6,2,2,0
971,2017-18,2017-10-23,CLE,1,3,5,3,6,0
972,2017-18,2017-10-24,DAL,1,2,4,5,10,0
973,2017-18,2017-10-25,MIN,1,2,4,4,6,0
974,2017-18,2017-11-03,MIN,0,1,4,1,4,0
975,2017-18,2017-11-05,NJN,1,0,4,0,6,0
976,2017-18,2017-11-10,CHI,0,0,3,1,1,1
977,2017-18,2017-11-13,NYK,1,1,3,3,9,1
978,2017-18,2017-11-15,MIL,1,2,4,0,5,0
979,2017-18,2017-11-16,ATL,1,2,3,2,4,1
980,2017-18,2017-11-17,MEM,0,3,3,3,6,1
981,2017-18,2017-11-22,PHX,1,4,4,2,6,1
982,2017-18,2017-11-24,PHX,0,4,5,4,1,1
983,2017-18,2017-11-26,MEM,1,4,6,1,7,0
984,2017-18,2017-11-27,IND,1,4,6,0,2,1
985,2017-18,2017-12-02,OKC,0,4,7,4,7,1
986,2017-18,2017-12-03,CHA,0,4,8,2,8,0
987,2017-18,2017-12-04,CLE,0,3,7,3,8,1
988,2017-18,2017-12-07,IND,0,3,7,2,6,0
989,2017-18,2017-12-08,SAC,1,3,7,1,5,0
990,2017-18,2017-12-10,BOS,0,2,6,4,1,0
991,2017-18,2017-12-12,NYK,0,1,5,4,8,1
992,2017-18,2017-12-14,CHI,0,2,5,3,3,1
993,2017-18,2017-12-16,WAS,1,2,5,1,5,1
994,2017-18,2017-12-19,CHI,0,3,6,3,3,1
995,2017-18,2017-12-20,ATL,1,4,6,2,1,0
996,2017-18,2017-12-22,GSW,0,4,5,0,6,1
997,2017-18,2017-12-23,DEN,0,4,6,5,1,0
998,2017-18,2017-12-25,PHI,1,3,5,1,7,0
999,2017-18,2017-12-27,SAC,0,2,5,5,3,0
1000,2017-18,2017-12-29,SAC,0,1,5,2,0,1
1001,2017-18,2017-12-31,DAL,0,2,6,1,5,1
1002,2017-18,2018-01-01,HOU,1,2,6,3,0,1
1003,2017-18,2018-01-02,OKC,1,3,6,4,3,1
1004,2017-18,2018-01-04,LAC,0,4,6,4,7,1
1005,2017-18,2018-01-05,HOU,1,5,6,4,1,1
1006,2017-18,2018-01-06,POR,0,5,7,3,8,0
1007,2017-18,2018-01-09,IND,0,4,6,3,0,1
1008,2017-18,2018-01-11,MIL,0,4,7,4,2,1
1009,2017-18,2018-01-12,ORL,0,4,8,1,7,0
1010,2017-18,2018-01-13,ORL,1,3,8,2,3,1
1011,2017-18,2018-01-14,UTA,0,3,8,1,1,1
1012,2017-18,2018-01-15,TOR,0,4,8,5,4,1
1013,2017-18,2018-01-17,SAS,1,4,8,5,3,1
1014,2017-18,2018-01-18,PHX,1,4,8,0,8,1
1015,2017-18,2018-01-19,BKN,1,5,8,4,3,0
1016,2017-18,2018-01-20,PHI,0,4,7,5,8,1
1017,2017-18,2018-01-22,POR,0,4,8,1,9,1
1018,2017-18,2018-01-23,WAS,1,4,8,3,4,0
1019,2017-18,2018-01-24,ATL,0,3,7,5,9,0
1020,2017-18,2018-01-28,DET,1,2,7,0,4,1
1021,2017-18,2018-01-29,CLE,0,3,7,3,10,0
1022,2017-18,2018-01-31,PHI,0,2,6,1,1,1
1023,2017-18,2018-02-01,GSW,1,2,6,5,7,0
1024,2017-18,2018-02-05,CHA,1,2,5,5,5,1
1025,2017-18,2018-02-13,TOR,0,3,5,5,4,0
1026,2017-18,2018-02-14,BOS,1,2,5,2,6,1
1027,2017-18,2018-02-16,DET,1,3,5,4,7,1
1028,2017-18,2018-02-18,SAS,1,3,5,4,0,0
1029,2017-18,2018-02-20,NJN,0,3,5,2,2,0
1030,2017-18,2018-02-23,POR,0,2,5,4,7,0
1031,2017-18,2018-02-25,UTA,1,2,4,0,7,0
1032,2017-18,2018-02-27,DEN,1,1,4,3,10,0
1033,2017-18,2018-02-28,OKC,0,0,3,1,8,1
1034,2017-18,2018-03-01,LAL,0,1,4,1,10,1
1035,2017-18,2018-03-02,NOP,0,2,4,0,7,1
1036,2017-18,2018-03-07,MIL,1,3,5,3,3,0
1037,2017-18,2018-03-08,GSW,1,3,4,2,1,0
1038,2017-18,2018-03-12,DEN,1,3,3,4,8,0
1039,2017-18,2018-03-13,BKN,0,2,3,0,6,0
1040,2017-18,2018-03-18,LAC,1,1,3,2,0,1
1041,2017-18,2018-03-22,LAL,1,1,4,3,4,0
1042,2017-18,2018-03-24,DAL,1,1,4,4,10,1
1043,2017-18,2018-03-26,HOU,1,2,5,2,5,0
1044,2017-18,2018-03-31,TOR,1,2,4,3,4,0
1045,2017-18,2018-04-03,MIN,0,2,3,4,5,1
1046,2017-18,2018-04-06,BOS,0,2,3,3,2,1
1047,2017-18,2018-04-08,LAL,1,3,4,1,4,1
1048,2017-18,2018-04-09,DET,0,3,5,0,4,0
1049,2017-18,2018-04-11,NOP,1,3,5,4,1,1
1050,2017-18,2018-04-14,LAC,0,4,6,0,8,0
1051,2018-19,2018-10-20,CHI,1,3,5,4,4,0
1052,2018-19,2018-10-22,LAL,0,2,5,3,8,0
1053,2018-19,2018-10-24,HOU,0,1,4,5,9,0
1054,2018-19,2018-10-26,UTA,1,1,4,4,2,1
1055,2018-19,2018-10-31,NYK,1,1,5,5,7,0
1056,2018-19,2018-11-01,NYK,0,1,4,2,5,1
1057,2018-19,2018-11-02,DEN,1,2,4,4,9,1
1058,2018-19,2018-11-08,ORL,1,3,4,2,2,1
1059,2018-19,2018-11-09,LAC,1,4,5,2,7,1
1060,2018-19,2018-11-11,POR,0,4,5,3,6,0
1061,2018-19,2018-11-13,LAL,0,4,5,4,3,0
1062,2018-19,2018-11-15,UTA,0,3,5,5,1,0
1063,2018-19,2018-11-17,CHI,1,2,5,4,7,1
1064,2018-19,2018-11-19,LAC,0,2,6,2,7,0
1065,2018-19,2018-11-27,MIL,0,1,5,2,3,0
1066,2018-19,2018-11-29,CHA,1,1,5,4,6,1
1067,2018-19,2018-12-01,DAL,1,2,5,1,4,1
1068,2018-19,2018-12-02,CLE,0,3,5,1,7,1
1069,2018-19,2018-12-05,GSW,0,3,5,2,2,1
1070,2018-19,2018-12-16,UTA,1,4,5,1,9,1
1071,2018-19,2018-12-17,HOU,0,5,6,1,3,0
1072,2018-19,2018-12-19,ATL,1,4,6,1,4,0
1073,2018-19,2018-12-20,ATL,0,3,6,0,1,1
1074,2018-19,2018-12-22,NOP,0,3,6,0,1,1
1075,2018-19,2018-12-24,IND,1,3,7,5,5,0
1076,2018-19,2018-12-29,POR,0,2,7,2,3,0
1077,2018-19,2018-12-30,MEM,0,2,6,2,8,0
1078,2018-19,2019-01-04,IND,0,2,5,3,0,1
1079,2018-19,2019-01-05,SAS,0,2,5,1,4,0
1080,2018-19,2019-01-07,PHI,1,1,4,5,3,0
1081,2018-19,2019-01-08,NOP,1,1,3,4,0,0
1082,2018-19,2019-01-09,BOS,0,1,3,0,1,1
1083,2018-19,2019-01-10,WAS,1,2,4,2,4,0
1084,2018-19,2019-01-11,TOR,1,1,3,4,5,1
1085,2018-19,2019-01-12,TOR,0,2,3,5,4,0
1086,2018-19,2019-01-13,MIN,0,2,3,2,5,0
1087,2018-19,2019-01-14,NYK,1,2,3,3,6,1
1088,2018-19,2019-01-16,IND,0,2,4,1,0,1
1089,2018-19,2019-01-19,PHI,1,3,4,5,5,0
1090,2018-19,2019-01-24,SAC,0,2,4,1,10,1
1091,2018-19,2019-01-26,DAL,1,3,5,5,5,1
1092,2018-19,2019-01-29,OKC,1,4,6,3,7,0
1093,2018-19,2019-01-31,BKN,1,3,5,3,3,0
1094,2018-19,2019-02-01,PHX,0,2,5,3,8,0
1095,2018-19,2019-02-02,DEN,0,2,4,1,8,1
1096,2018-19,2019-02-06,GSW,0,2,5,1,5,0
1097,2018-19,2019-02-07,PHI,0,1,5,1,10,1
1098,2018-19,2019-02-10,ORL,0,2,5,1,1,1
1099,2018-19,2019-02-11,CLE,1,3,5,4,0,1
1100,2018-19,2019-02-12,DET,1,4,6,2,8,0
1101,2018-19,2019-02-14,SAC,0,3,5,0,8,0
1102,2018-19,2019-02-15,NJN,1,3,4,5,1,0
1103,2018-19,2019-02-17,DAL,1,2,4,4,3,1
1104,2018-19,2019-02-19,ATL,0,2,5,5,0,1
1105,2018-19,2019-02-20,NJN,0,2,6,5,3,0
1106,2018-19,2019-02-22,LAC,1,2,5,1,8,0
1107,2018-19,2019-02-23,CHA,1,2,5,2,5,0
1108,2018-19,2019-02-24,SAS,1,2,4,4,3,0
1109,2018-19,2019-02-26,DET,1,1,3,3,4,1
1110,2018-19,2019-02-27,BOS,1,1,3,1,0,1
1111,2018-19,2019-02-28,POR,1,2,4,4,3,0
1112,2018-19,2019-03-01,MIL,1,2,4,1,6,1
1113,2018-19,2019-03-02,MIN,0,3,5,1,10,0
1114,2018-19,2019-03-04,MIL,0,3,4,3,8,0
1115,2018-19,2019-03-06,MEM,1,2,3,3,0,1
1116,2018-19,2019-03-07,OKC,0,2,4,3,9,1
1117,2018-19,2019-03-09,TOR,0,3,5,0,8,0
1118,2018-19,2019-03-10,HOU,0,2,5,4,8,0
1119,2018-19,2019-03-11,CHI,1,2,5,1,5,0
1120,2018-19,2019-03-15,PHX,0,2,4,1,4,1
1121,2018-19,2019-03-17,OKC,0,2,4,4,3,0
1122,2018-19,2019-03-21,CLE,0,1,4,5,1,0
1123,2018-19,2019-03-23,GSW,1,1,3,4,2,1
1124,2018-19,2019-03-25,DET,1,2,4,4,2,1
1125,2018-19,2019-03-26,DEN,0,3,5,3,5,1
1126,2018-19,2019-03-27,PHX,1,3,5,3,7,1
1127,2018-19,2019-03-31,BOS,1,4,5,0,5,1
1128,2018-19,2019-04-01,BKN,1,5,6,2,1,0
1129,2018-19,2019-04-02,LAL,1,4,6,2,10,1
1130,2018-19,2019-04-03,SAC,0,4,7,1,9,0
1131,2018-19,2019-04-09,WAS,1,3,6,4,8,1
1132,2018-19,2019-04-14,MIN,0,3,7,2,10,0
1133,2019-20,2019-10-21,PHX,0,2,7,0,5,0
1134,2019-20,2019-10-22,WAS,0,2,6,1,10,1
1135,2019-20,2019-10-24,POR,1,2,6,3,1,1
1136,2019-20,2019-10-26,SAS,0,3,6,0,4,0
1137,2019-20,2019-10-27,DET,1,2,5,4,2,1
1138,2019-20,2019-10-30,HOU,1,3,5,2,2,1
1139,2019-20,2019-10-31,BKN,0,4,6,2,1,1
1140,2019-20,2019-11-03,TOR,1,4,6,3,6,1
1141,2019-20,2019-11-05,MEM,0,4,7,4,8,0
1142,2019-20,2019-11-07,NYK,0,4,6,2,6,1
1143,2019-20,2019-11-09,TOR,0,4,7,3,1,0
1144,2019-20,2019-11-10,NJN,0,3,7,3,8,1
1145,2019-20,2019-11-11,OKC,0,3,7,1,6,1
1146,2019-20,2019-11-12,MIN,1,3,7,4,4,1
1147,2019-20,2019-11-13,SAS,1,4,8,4,7,1
1148,2019-20,2019-11-16,BOS,0,4,8,3,3,1
1149,2019-20,2019-11-17,CHI,1,5,8,4,3,0
1150,2019-20,2019-11-19,PHI,1,4,7,4,9,0
1151,2019-20,2019-11-20,CHI,0,3,6,4,3,1
1152,2019-20,2019-11-21,TOR,1,3,7,4,5,1
1153,2019-20,2019-11-23,IND,0,3,7,3,9,0
1154,2019-20,2019-11-25,ORL,1,2,7,3,7,0
1155,2019-20,2019-11-29,MIN,0,2,6,3,1,0
1156,2019-20,2019-12-11,LAC,1,2,5,4,1,1
1157,2019-20,2019-12-12,CLE,0,2,5,1,0,1
1158,2019-20,2019-12-13,ATL,0,2,5,4,6,1
1159,2019-20,2019-12-15,CHI,0,3,5,4,4,1
1160,2019-20,2019-12-18,IND,1,4,6,0,1,1
1161,2019-20,2019-12-24,MEM,1,5,7,4,10,1
1162,2019-20,2019-12-29,DAL,1,5,7,1,5,1
1163,2019-20,2019-12-31,CHA,1,5,7,2,2,0
1164,2019-20,2020-01-02,BOS,0,4,7,4,5,0
1165,2019-20,2020-01-03,OKC,1,3,7,1,7,1
1166,2019-20,2020-01-04,UTA,0,3,8,4,1,1
1167,2019-20,2020-01-05,SAC,0,3,8,4,3,1
1168,2019-20,2020-01-06,NJN,1,3,8,3,8,1
1169,2019-20,2020-01-08,GSW,1,4,8,0,5,0
1170,2019-20,2020-01-10,BOS,1,4,7,1,5,0
1171,2019-20,2020-01-13,GSW,1,3,6,3,4,1
1172,2019-20,2020-01-16,WAS,1,3,6,5,0,0
1173,2019-20,2020-01-19,NOP,1,2,5,3,2,0
1174,2019-20,2020-01-23,NOP,0,1,5,1,4,0
1175,2019-20,2020-01-24,PHX,0,1,5,3,2,1
1176,2019-20,2020-01-25,CLE,1,2,5,3,0,0
1177,2019-20,2020-01-27,LAC,0,1,4,4,8,1
1178,2019-20,2020-01-28,LAL,0,2,4,1,10,1
1179,2019-20,2020-01-29,SAC,0,3,4,4,8,0
1180,2019-20,2020-01-30,UTA,0,3,4,3,9,1
1181,2019-20,2020-01-31,NYK,1,3,5,5,2,1
1182,2019-20,2020-02-01,ORL,0,4,5,2,10,0
1183,2019-20,2020-02-03,HOU,0,3,5,3,2,1
1184,2019-20,2020-02-05,BKN,0,3,6,5,10,1
1185,2019-20,2020-02-07,NYK,1,4,7,1,10,0
1186,2019-20,2020-02-09,DAL,0,3,6,5,7,1
1187,2019-20,2020-02-12,DET,1,3,7,3,10,1
1188,2019-20,2020-02-16,ATL,0,4,7,0,6,1
1189,2019-20,2020-02-18,MIL,1,4,7,2,3,0
1190,2019-20,2020-02-25,POR,1,3,7,4,4,1
1191,2019-20,2020-02-27,CLE,1,4,7,0,6,1
1192,2019-20,2020-03-04,DEN,0,4,7,3,1,1
1193,2019-20,2020-03-07,LAC,1,4,8,2,6,1
1194,2019-20,2020-03-08,ATL,1,4,8,3,10,1
1195,2019-20,2020-03-11,MIL,1,5,8,0,2,0
1196,2019-20,2020-03-17,DEN,0,4,8,4,8,1
1197,2019-20,2020-03-21,LAL,1,4,8,5,9,1
1198,2019-20,2020-03-26,PHI,0,4,8,5,9,0
1199,2019-20,2020-03-28,CHA,0,3,7,4,10,0
1200,2019-20,2020-03-29,LAL,1,2,7,1,5,0
1201,2019-20,2020-04-01,PHI,0,2,6,4,10,0
1202,2019-20,2020-04-03,IND,0,1,5,0,8,0
1203,2019-20,2020-04-04,DET,1,0,4,0,2,0
1204,2019-20,2020-04-12,MIL,0,0,3,2,5,1
1205,2019-20,2020-04-13,GSW,1,1,3,2,7,0
1206,2020-21,2020-10-20,LAC,1,1,3,4,2,1
1207,2020-21,2020-10-21,PHI,0,2,3,3,6,1
1208,2020-21,2020-10-31,OKC,1,3,3,2,7,0
1209,2020-21,2020-11-06,IND,0,3,3,1,2,1
1210,2020-21,2020-11-10,PHX,1,3,4,5,6,0
1211,2020-21,2020-11-11,POR,1,3,4,2,8,1
1212,2020-21,2020-11-14,DET,1,3,5,2,5,0
1213,2020-21,2020-11-15,MEM,1,2,5,1,0,0
1214,2020-21,2020-11-16,NJN,0,2,5,4,0,0
1215,2020-21,2020-11-19,LAC,1,1,4,3,4,0
1216,2020-21,2020-11-21,BOS,0,1,4,1,9,1
1217,2020-21,2020-11-22,GSW,0,1,4,0,2,0
1218,2020-21,2020-11-23,CHA,1,1,3,3,6,1
1219,2020-21,2020-11-28,NYK,0,2,4,3,2,0
1220,2020-21,2020-12-03,ATL,0,2,3,1,3,0
1221,2020-21,2020-12-06,ORL,0,2,3,5,8,1
1222,2020-21,2020-12-07,NOP,0,2,3,1,7,1
1223,2020-21,2020-12-09,DET,0,3,4,2,1,0
1224,2020-21,2020-12-11,IND,0,2,4,5,4,1
1225,2020-21,2020-12-17,DET,1,3,5,2,0,1
1226,2020-21,2020-12-18,UTA,1,4,6,3,5,0
1227,2020-21,2020-12-20,NYK,0,3,5,2,7,0
1228,2020-21,2020-12-23,BKN,1,2,5,1,1,0
1229,2020-21,2020-12-24,UTA,0,2,4,5,3,0
1230,2020-21,2020-12-25,BKN,0,1,4,2,4,0
1231,2020-21,2020-12-29,CLE,1,0,4,4,9,0
1232,2020-21,2020-12-30,HOU,0,0,3,1,10,0
1233,2020-21,2020-12-31,MIN,1,0,2,1,0,1
1234,2020-21,2021-01-01,CLE,0,1,3,0,8,0
1235,2020-21,2021-01-08,MEM,1,1,2,3,4,1
1236,2020-21,2021-01-12,LAL,0,2,2,2,4,1
1237,2020-21,2021-01-17,NYK,0,3,3,4,8,1
1238,2020-21,2021-01-18,LAC,1,4,4,2,9,1
1239,2020-21,2021-01-20,ORL,0,4,5,5,10,0
1240,2020-21,2021-01-21,POR,0,4,5,1,6,1
1241,2020-21,2021-01-22,TOR,1,4,6,4,4,1
1242,2020-21,2021-01-24,CHA,1,4,7,4,8,1
1243,2020-21,2021-01-25,SAS,0,4,8,4,3,0
1244,2020-21,2021-01-27,PHI,1,3,7,4,6,1
1245,2020-21,2021-01-28,OKC,0,4,8,4,4,1
1246,2020-21,2021-01-29,MIL,0,4,8,3,7,0
1247,2020-21,2021-02-01,NOP,0,3,7,1,2,1
1248,2020-21,2021-02-04,SAC,1,3,7,0,2,0
1249,2020-21,2021-02-05,MIN,0,3,6,5,9,0
1250,2020-21,2021-02-06,ATL,0,2,6,3,1,0
1251,2020-21,2021-02-07,DAL,1,1,5,4,5,1
1252,2020-21,2021-02-14,CLE,1,2,5,2,2,1
1253,2020-21,2021-02-17,IND,1,2,5,1,0,1
1254,2020-21,2021-02-18,BOS,0,3,6,1,0,0
1255,2020-21,2021-02-19,MIL,1,3,5,3,2,1
1256,2020-21,2021-02-20,CHI,0,4,5,2,9,0
1257,2020-21,2021-02-25,PHI,1,3,5,1,3,0
1258,2020-21,2021-03-02,BOS,1,2,4,2,10,1
1259,2020-21,2021-03-03,GSW,1,2,5,0,6,1
1260,2020-21,2021-03-04,SAS,0,3,6,3,4,1
1261,2020-21,2021-03-07,GSW,1,3,7,1,6,0
1262,2020-21,2021-03-08,TOR,1,3,6,4,5,1
1263,2020-21,2021-03-09,DEN,0,4,6,2,8,1
1264,2020-21,2021-03-13,TOR,1,4,6,2,3,1
1265,2020-21,2021-03-14,SAC,1,4,7,0,4,0
1266,2020-21,2021-03-15,MIL,1,3,6,0,9,1
1267,2020-21,2021-03-16,CHI,0,4,7,2,9,0
1268,2020-21,2021-03-18,ATL,0,3,7,2,9,1
1269,2020-21,2021-03-19,PHX,1,3,7,3,4,1
1270,2020-21,2021-03-23,HOU,1,3,7,1,8,1
1271,2020-21,2021-03-24,CHI,0,4,7,3,5,1
1272,2020-21,2021-03-26,WAS,0,4,8,4,5,0
1273,2020-21,2021-03-29,LAL,0,4,7,4,2,1
1274,2020-21,2021-04-03,DAL,1,4,7,0,6,1
1275,2020-21,2021-04-04,WAS,1,4,7,2,2,0
1276,2020-21,2021-04-06,NJN,1,3,7,1,3,1
1277,2020-21,2021-04-08,DEN,0,3,7,1,9,1
1278,2021-22,2021-10-25,SAC,1,4,8,5,2,1
1279,2021-22,2021-10-29,NOP,0,4,8,1,1,1
1280,2021-22,2021-10-30,ATL,1,4,8,2,1,1
1281,2021-22,2021-11-01,LAL,0,5,8,3,9,0
1282,2021-22,2021-11-04,LAL,0,4,7,4,5,1
1283,2021-22,2021-11-09,BOS,1,4,8,3,4,0
1284,2021-22,2021-11-13,PHX,0,3,7,0,8,1
1285,2021-22,2021-11-14,MIN,0,3,7,2,8,1
1286,2021-22,2021-11-18,CLE,0,3,8,3,3,1
1287,2021-22,2021-11-20,NJN,1,4,8,0,7,0
1288,2021-22,2021-11-23,CHA,1,3,7,2,8,1
1289,2021-22,2021-11-26,ATL,1,4,7,0,7,0
1290,2021-22,2021-11-29,HOU,0,3,6,0,2,1
1291,2021-22,2021-11-30,SAS,1,3,6,2,9,1
1292,2021-22,2021-12-01,IND,0,3,7,1,5,0
1293,2021-22,2021-12-02,DET,0,3,6,3,3,1
1294,2021-22,2021-12-03,TOR,0,3,7,3,4,1
1295,2021-22,2021-12-04,NYK,1,4,7,4,0,0
1296,2021-22,2021-12-05,ORL,1,3,6,1,1,0
1297,2021-22,2021-12-09,CHI,1,2,5,1,8,0
1298,2021-22,2021-12-10,LAC,0,2,5,1,0,0
1299,2021-22,2021-12-12,CHA,1,1,4,3,4,0
1300,2021-22,2021-12-14,BKN,0,0,4,4,5,0
1301,2021-22,2021-12-15,MIL,0,0,3,0,1,1
1302,2021-22,2021-12-23,DET,0,1,3,5,10,0
1303,2021-22,2021-12-24,WAS,0,1,3,0,2,0
1304,2021-22,2021-12-25,POR,1,1,2,3,3,1
1305,2021-22,2021-12-31,IND,1,2,2,4,3,1
1306,2021-22,2022-01-01,HOU,0,3,3,4,2,1
1307,2021-22,2022-01-03,DAL,1,3,4,4,0,1
1308,2021-22,2022-01-04,NYK,1,4,5,4,7,1
1309,2021-22,2022-01-05,LAC,0,5,6,2,10,1
1310,2021-22,2022-01-06,SAC,1,5,7,4,2,0
1311,2021-22,2022-01-08,UTA,0,4,7,0,7,1
1312,2021-22,2022-01-09,OKC,1,4,7,4,7,1
1313,2021-22,2022-01-10,ATL,0,4,8,3,8,1
1314,2021-22,2022-01-11,NJN,1,4,9,4,4,0
1315,2021-22,2022-01-13,DEN,1,3,8,2,3,0
1316,2021-22,2022-01-16,DAL,1,3,7,3,3,0
1317,2021-22,2022-01-17,MEM,1,2,6,3,7,1
1318,2021-22,2022-01-18,OKC,1,2,6,4,8,1
1319,2021-22,2022-01-20,NYK,0,2,6,0,2,0
1320,2021-22,2022-01-23,PHX,1,2,5,0,4,0
1321,2021-22,2022-01-25,PHI,0,2,5,1,9,1
1322,2021-22,2022-01-27,DEN,1,3,5,1,8,0
1323,2021-22,2022-01-29,DET,1,2,4,4,10,1
1324,2021-22,2022-01-31,GSW,0,2,4,1,8,0
1325,2021-22,2022-02-02,BKN,0,2,4,5,4,1
1326,2021-22,2022-02-04,POR,1,3,5,2,6,1
1327,2021-22,2022-02-05,OKC,0,3,6,1,7,1
1328,2021-22,2022-02-07,DEN,1,4,6,4,1,0
1329,2021-22,2022-02-11,SAC,1,3,5,3,5,1
1330,2021-22,2022-02-12,UTA,1,4,6,2,7,1
1331,2021-22,2022-02-13,SAS,1,4,7,3,2,0
1332,2021-22,2022-02-15,LAC,1,3,6,4,8,1
1333,2021-22,2022-02-18,CLE,1,3,7,1,6,1
1334,2021-22,2022-02-20,MIL,1,4,7,5,10,0
1335,2021-22,2022-02-21,MIL,0,3,7,5,0,0
1336,2021-22,2022-02-24,MIN,0,2,6,3,3,1
1337,2021-22,2022-02-25,CHI,0,3,6,1,6,1
1338,2021-22,2022-02-26,CHI,0,3,6,3,3,1
1339,2021-22,2022-02-27,POR,0,3,7,0,7,1
1340,2021-22,2022-03-01,TOR,0,4,7,0,8,0
1341,2021-22,2022-03-04,GSW,1,4,6,1,1,0
1342,2021-22,2022-03-05,TOR,1,3,6,2,5,1
1343,2021-22,2022-03-06,CLE,0,3,6,4,5,1
1344,2021-22,2022-03-09,BOS,0,3,6,4,4,1
1345,2021-22,2022-03-10,IND,0,3,7,4,9,1
1346,2021-22,2022-03-11,LAL,1,4,8,2,8,1
1347,2021-22,2022-03-12,PHX,0,5,8,2,7,1
1348,2021-22,2022-03-13,DAL,0,5,8,2,7,1
1349,2021-22,2022-03-14,UTA,1,5,8,5,5,1
1350,2021-22,2022-03-20,ORL,1,5,8,0,9,0
1351,2021-22,2022-03-21,GSW,1,4,8,4,7,0
1352,2021-22,2022-03-26,PHI,0,3,8,3,7,1
1353,2021-22,2022-03-30,BOS,0,3,8,2,9,1
1354,2021-22,2022-04-03,MIN,1,3,8,4,3,1
1355,2021-22,2022-04-06,PHI,0,3,8,2,8,1
1356,2021-22,2022-04-07,NOP,0,4,8,4,2,1
1357,2021-22,2022-04-08,HOU,1,5,8,5,3,1
1358,2021-22,2022-04-09,MEM,0,5,8,2,3,1
1359,2021-22,2022-04-11,WAS,0,5,8,1,10,1
1360,2022-23,2022-10-20,TOR,1,5,8,3,9,1
1361,2022-23,2022-10-21,OKC,0,5,9,5,7,0
1362,2022-23,2022-10-24,NJN,0,4,9,1,7,1
1363,2022-23,2022-10-25,PHX,0,4,9,3,6,0
1364,2022-23,2022-10-27,UTA,0,3,8,3,9,1
1365,2022-23,2022-10-28,SAC,1,3,8,4,5,0
1366,2022-23,2022-10-29,POR,1,2,7,1,4,1
1367,2022-23,2022-10-30,LAC,1,3,7,4,2,1
1368,2022-23,2022-10-31,PHX,1,3,7,5,8,0
1369,2022-23,2022-11-01,OKC,1,3,6,1,7,0
1370,2022-23,2022-11-05,LAL,1,2,5,1,4,0
1371,2022-23,2022-11-06,CHI,1,2,4,5,0,0
1372,2022-23,2022-11-07,GSW,1,1,4,1,8,1
1373,2022-23,2022-11-13,POR,1,1,4,4,0,0
1374,2022-23,2022-11-14,NYK,1,1,4,2,7,1
1375,2022-23,2022-11-15,POR,0,2,4,1,10,1
1376,2022-23,2022-11-16,MIN,1,3,5,4,4,1
1377,2022-23,2022-11-17,OKC,1,4,5,2,2,0
1378,2022-23,2022-11-22,IND,1,3,4,3,7,1
1379,2022-23,2022-11-23,MIL,1,4,5,2,8,1
1380,2022-23,2022-11-27,WAS,1,4,6,3,5,1
1381,2022-23,2022-11-28,CLE,1,4,7,1,10,0
1382,2022-23,2022-12-04,DET,0,3,7,2,1,1
1383,2022-23,2022-12-05,TOR,0,4,7,5,5,1
1384,2022-23,2022-12-06,LAC,0,4,8,1,7,0
1385,2022-23,2022-12-07,BOS,0,3,7,3,9,1
1386,2022-23,2022-12-08,ATL,0,3,7,2,2,1
1387,2022-23,2022-12-10,DET,0,4,7,4,8,1
1388,2022-23,2022-12-12,BOS,0,4,8,1,6,1
1389,2022-23,2022-12-15,UTA,1,4,8,5,4,1
1390,2022-23,2022-12-18,MIL,0,5,8,2,1,0
1391,2022-23,2022-12-20,PHI,1,4,7,1,9,1
1392,2022-23,2022-12-21,BOS,0,4,8,0,2,1
1393,2022-23,2022-12-24,NYK,1,4,8,1,3,1
1394,2022-23,2022-12-26,SAC,1,4,8,3,3,1
1395,2022-23,2022-12-30,HOU,0,4,9,2,9,0
1396,2022-23,2022-12-31,MIN,0,4,8,4,7,1
1397,2022-23,2023-01-03,MIN,0,4,8,2,8,0
1398,2022-23,2023-01-06,HOU,1,3,7,1,3,0
1399,2022-23,2023-01-09,SAC,0,2,6,3,6,1
1400,2022-23,2023-01-10,CHI,0,2,6,4,6,1
1401,2022-23,2023-01-11,ORL,1,3,7,1,8,0
1402,2022-23,2023-01-18,CLE,1,2,6,1,9,0
1403,2022-23,2023-01-21,DEN,1,2,5,0,0,1
1404,2022-23,2023-01-23,CHA,1,3,5,4,7,0
1405,2022-23,2023-01-25,DAL,1,2,4,3,1,1
1406,2022-23,2023-01-26,WAS,1,2,5,2,5,1
1407,2022-23,2023-01-27,GSW,1,3,5,4,3,0
1408,2022-23,2023-01-29,ORL,1,3,5,4,3,0
1409,2022-23,2023-01-30,TOR,0,2,5,3,4,0
1410,2022-23,2023-02-01,MEM,0,2,4,4,6,1
1411,2022-23,2023-02-02,PHI,1,2,4,1,3,1
1412,2022-23,2023-02-03,DAL,1,2,5,1,7,1
1413,2022-23,2023-02-10,LAC,0,3,6,1,4,0
1414,2022-23,2023-02-12,BKN,0,3,5,0,1,0
1415,2022-23,2023-02-13,IND,0,3,5,3,8,1
1416,2022-23,2023-02-14,ATL,0,3,5,5,3,0
1417,2022-23,2023-02-15,GSW,1,2,4,0,4,0
1418,2022-23,2023-02-16,LAL,0,1,4,1,7,0
1419,2022-23,2023-02-21,ATL,0,1,4,2,3,1
1420,2022-23,2023-02-22,PHI,0,2,5,5,1,0
1421,2022-23,2023-02-24,CHA,0,1,4,2,4,0
1422,2022-23,2023-02-26,CHI,0,1,3,3,9,0
1423,2022-23,2023-03-01,NOP,0,1,2,0,6,0
1424,2022-23,2023-03-02,HOU,0,1,2,1,7,1
1425,2022-23,2023-03-03,MIL,0,1,3,5,6,1
1426,2022-23,2023-03-06,SAS,0,2,3,5,2,1
1427,2022-23,2023-03-07,BKN,1,3,4,0,4,0
1428,2022-23,2023-03-09,DEN,1,3,4,5,8,0
1429,2022-23,2023-03-10,PHX,0,3,4,3,1,1
1430,2022-23,2023-03-19,NOP,1,3,4,4,3,0
1431,2022-23,2023-03-26,MEM,1,2,4,2,3,0
1432,2022-23,2023-03-27,NYK,1,1,4,3,4,0
1433,2022-23,2023-03-29,DET,0,1,4,2,10,0
1434,2022-23,2023-04-01,DEN,1,1,4,3,1,1
1435,2022-23,2023-04-02,SAS,0,1,4,1,5,1
1436,2022-23,2023-04-04,UTA,0,2,4,0,2,0
1437,2022-23,2023-04-06,IND,1,2,3,2,10,1
1438,2022-23,2023-04-07,NJN,1,3,4,4,1,0
1439,2022-23,2023-04-10,DAL,0,3,4,1,4,1
1440,2022-23,2023-04-11,LAL,0,3,4,3,7,1
1441,2022-23,2023-04-12,CLE,0,3,5,5,7,1
1442,2023-24,2023-10-23,CHI,1,4,6,0,4,1
1443,2023-24,2023-10-27,UTA,1,4,7,3,3,0
1444,2023-24,2023-10-30,TOR,0,4,7,2,4,0
1445,2023-24,2023-11-02,POR,0,3,6,4,3,1
1446,2023-24,2023-11-04,IND,0,3,6,1,2,1
1447,2023-24,2023-11-05,BOS,1,3,7,3,5,1
1448,2023-24,2023-11-06,GSW,0,3,7,4,3,0
1449,2023-24,2023-11-08,CHA,1,3,7,5,3,0
1450,2023-24,2023-11-11,BKN,1,3,6,3,7,1
1451,2023-24,2023-11-12,CHI,1,3,6,2,10,1
1452,2023-24,2023-11-13,HOU,1,3,6,3,6,1
1453,2023-24,2023-11-18,WAS,1,3,6,4,1,0
1454,2023-24,2023-11-19,LAL,1,3,6,3,1,1
1455,2023-24,2023-11-22,ORL,0,4,7,0,10,1
1456,2023-24,2023-11-23,HOU,1,4,7,5,3,0
1457,2023-24,2023-11-24,PHX,1,3,6,3,1,1
1458,2023-24,2023-11-26,MIL,1,3,6,3,6,0
1459,2023-24,2023-11-27,DET,1,3,6,1,6,0
1460,2023-24,2023-11-28,MEM,1,2,6,3,6,1
1461,2023-24,2023-11-29,BOS,0,2,6,2,3,1
1462,2023-24,2023-12-04,PHX,0,3,6,3,0,1
1463,2023-24,2023-12-06,LAC,1,3,6,1,10,1
1464,2023-24,2023-12-10,TOR,0,4,7,3,3,0
1465,2023-24,2023-12-11,DEN,0,4,6,5,7,1
1466,2023-24,2023-12-15,NJN,0,4,6,0,7,1
1467,2023-24,2023-12-16,LAC,1,4,7,5,6,1
1468,2023-24,2023-12-17,MIN,0,4,7,2,3,0
1469,2023-24,2023-12-20,DET,1,3,7,4,3,0
1470,2023-24,2023-12-24,CHI,1,3,7,4,6,0
1471,2023-24,2023-12-29,PHI,0,2,6,3,9,1
1472,2023-24,2023-12-30,ORL,1,2,6,4,9,0
1473,2023-24,2023-12-31,SAC,0,1,5,4,1,1
1474,2023-24,2024-01-04,SAS,1,2,5,2,2,1
1475,2023-24,2024-01-05,CLE,1,3,6,2,9,0
1476,2023-24,2024-01-06,GSW,1,3,5,3,7,0
1477,2023-24,2024-01-07,DEN,1,2,4,4,9,1
1478,2023-24,2024-01-09,TOR,0,3,4,4,2,0
1479,2023-24,2024-01-12,UTA,1,2,4,4,6,1
1480,2023-24,2024-01-15,HOU,0,2,5,2,7,0
1481,2023-24,2024-01-22,CLE,1,2,5,4,7,1
1482,2023-24,2024-01-23,NOP,0,3,5,1,4,1
1483,2023-24,2024-01-25,MIN,0,3,6,3,0,0
1484,2023-24,2024-01-27,DAL,1,3,5,0,6,1
1485,2023-24,2024-01-28,MIL,0,3,5,2,3,0
1486,2023-24,2024-01-29,IND,1,3,5,2,5,1
1487,2023-24,2024-01-31,PHI,0,3,6,2,10,1
1488,2023-24,2024-02-02,CHA,1,3,6,3,4,0
1489,2023-24,2024-02-03,WAS,0,3,6,2,8,0
1490,2023-24,2024-02-05,DEN,0,2,5,2,2,1
1491,2023-24,2024-02-06,NJN,1,3,6,1,7,0
1492,2023-24,2024-02-07,GSW,1,2,5,2,10,0
1493,2023-24,2024-02-08,SAC,0,1,4,1,1,0
1494,2023-24,2024-02-11,NYK,0,1,4,0,0,0
1495,2023-24,2024-02-16,MIL,1,1,3,3,4,1
1496,2023-24,2024-02-21,IND,1,1,4,3,1,0
1497,2023-24,2024-02-24,LAC,0,1,3,3,7,1
1498,2023-24,2024-02-25,DET,0,2,3,2,9,0
1499,2023-24,2024-02-26,PHX,1,2,3,2,4,1
1500,2023-24,2024-02-27,POR,0,3,4,4,3,0
1501,2023-24,2024-03-01,LAL,0,2,3,3,4,0
1502,2023-24,2024-03-02,LAL,0,2,3,2,7,1
1503,2023-24,2024-03-05,MIN,0,2,4,0,0,1
1504,2023-24,2024-03-06,SAC,0,3,5,2,6,0
1505,2023-24,2024-03-07,CLE,0,2,5,2,6,1
1506,2023-24,2024-03-09,ATL,1,3,5,2,6,1
1507,2023-24,2024-03-10,NYK,0,4,6,3,2,0
1508,2023-24,2024-03-12,MEM,0,3,5,3,7,0
1509,2023-24,2024-03-14,ATL,1,2,5,3,1,1
1510,2023-24,2024-03-15,BKN,0,3,5,4,2,1
1511,2023-24,2024-03-18,SAS,1,3,6,4,9,1
1512,2023-24,2024-03-19,DAL,1,3,7,4,7,1
1513,2023-24,2024-03-21,DAL,0,4,7,5,0,1
1514,2023-24,2024-03-22,POR,0,5,7,0,2,1
1515,2023-24,2024-03-24,PHI,0,5,8,1,2,1
1516,2023-24,2024-03-28,UTA,0,5,8,0,3,0
1517,2023-24,2024-03-29,NOP,1,4,7,3,2,1
1518,2023-24,2024-03-30,OKC,0,4,8,4,1,0
1519,2023-24,2024-04-01,BOS,0,3,8,1,5,1
1520,2023-24,2024-04-03,OKC,1,3,8,5,7,1
1521,2023-24,2024-04-08,ATL,1,3,8,0,6,0
1522,2023-24,2024-04-09,OKC,0,3,7,5,7,0
1523,2023-24,2024-04-14,NYK,1,2,6,2,1,1
1524,2024-25,2024-10-21,PHX,0,3,6,1,10,1
1525,2024-25,2024-10-23,WAS,1,3,6,2,8,1
1526,2024-25,2024-10-24,MIN,0,3,6,1,8,1
1527,2024-25,2024-10-27,NOP,1,4,7,1,8,0
1528,2024-25,2024-10-28,HOU,0,4,6,2,9,1
1529,2024-25,2024-10-29,TOR,1,4,7,4,5,1
1530,2024-25,2024-10-31,SAS,0,4,7,3,2,0
1531,2024-25,2024-11-03,LAC,0,3,6,2,6,0
1532,2024-25,2024-11-05,NYK,1,2,6,3,7,1
1533,2024-25,2024-11-08,DEN,1,3,7,4,7,0
1534,2024-25,2024-11-11,DEN,1,2,6,1,5,1
1535,2024-25,2024-11-13,NOP,1,2,6,2,1,1
1536,2024-25,2024-11-14,DEN,0,3,6,1,4,1
1537,2024-25,2024-11-16,CHI,0,4,6,1,9,0
1538,2024-25,2024-11-18,SAC,1,3,6,3,6,0
1539,2024-25,2024-11-19,ORL,1,3,5,1,5,0
1540,2024-25,2024-11-23,GSW,1,2,4,3,3,0
1541,2024-25,2024-11-27,BOS,1,1,4,4,4,0
1542,2024-25,2024-11-28,NJN,0,0,4,1,9,0
1543,2024-25,2024-12-01,SAS,1,0,3,3,7,1
1544,2024-25,2024-12-02,PHI,0,1,4,1,8,1
1545,2024-25,2024-12-03,TOR,1,2,4,5,5,0
1546,2024-25,2024-12-06,CHA,0,2,3,2,6,1
1547,2024-25,2024-12-08,PHX,0,3,3,4,2,1
1548,2024-25,2024-12-11,IND,1,4,4,3,7,1
1549,2024-25,2024-12-12,CHA,0,4,5,0,4,1
1550,2024-25,2024-12-15,NYK,0,4,6,3,4,1
1551,2024-25,2024-12-16,SAC,1,5,7,5,6,0
1552,2024-25,2024-12-20,IND,1,4,7,3,9,1
1553,2024-25,2024-12-22,IND,0,4,8,4,1,1
1554,2024-25,2024-12-23,DET,1,4,8,4,8,0
1555,2024-25,2024-12-26,MEM,0,3,7,1,3,1
1556,2024-25,2024-12-28,HOU,1,3,8,1,4,0
1557,2024-25,2024-12-30,PHI,0,3,7,3,0,0
1558,2024-25,2025-01-04,PHI,1,2,6,2,3,0
1559,2024-25,2025-01-06,MIL,1,1,5,4,5,1
1560,2024-25,2025-01-08,DAL,1,2,5,5,1,0
1561,2024-25,2025-01-10,MEM,1,1,4,2,5,0
1562,2024-25,2025-01-12,GSW,0,1,4,1,9,1
1563,2024-25,2025-01-13,MIL,1,2,4,4,1,1
1564,2024-25,2025-01-14,MIN,0,3,4,1,8,0
1565,2024-25,2025-01-15,DET,0,2,4,4,4,0
1566,2024-25,2025-01-18,ATL,0,2,3,2,7,0
1567,2024-25,2025-01-21,BKN,1,2,3,3,3,0
1568,2024-25,2025-01-24,DAL,1,1,3,0,2,0
1569,2024-25,2025-01-27,ATL,1,0,3,3,2,1
1570,2024-25,2025-01-28,OKC,1,1,3,2,1,1
1571,2024-25,2025-01-29,UTA,1,2,4,3,2,1
1572,2024-25,2025-01-30,BOS,1,3,5,1,7,1
1573,2024-25,2025-01-31,POR,0,4,5,4,9,0
1574,2024-25,2025-02-02,DAL,1,4,4,4,8,0
1575,2024-25,2025-02-03,PHX,0,3,4,1,7,1
1576,2024-25,2025-02-09,GSW,1,3,5,0,1,0
1577,2024-25,2025-02-13,WAS,0,2,5,0,3,1
1578,2024-25,2025-02-14,POR,0,2,6,3,3,0
1579,2024-25,2025-02-15,CLE,0,2,6,3,2,0
1580,2024-25,2025-02-18,NYK,0,2,5,3,5,0
1581,2024-25,2025-02-19,UTA,1,1,4,1,5,0
1582,2024-25,2025-02-20,OKC,0,1,3,2,4,0
1583,2024-25,2025-02-22,CHI,0,0,2,3,4,0
1584,2024-25,2025-03-01,LAL,0,0,2,2,8,0
1585,2024-25,2025-03-02,TOR,0,0,2,5,8,0
1586,2024-25,2025-03-06,CLE,1,0,1,1,3,1
1587,2024-25,2025-03-08,DET,1,1,2,3,9,1
1588,2024-25,2025-03-09,NJN,1,2,2,2,10,0
1589,2024-25,2025-03-11,LAL,0,2,2,2,3,0
1590,2024-25,2025-03-13,LAC,0,2,2,4,4,0
1591,2024-25,2025-03-14,CHI,0,2,2,3,5,1
1592,2024-25,2025-03-16,HOU,0,2,3,5,9,1
1593,2024-25,2025-03-17,BOS,1,2,4,1,9,0
1594,2024-25,2025-03-19,SAC,0,2,4,1,1,0
1595,2024-25,2025-03-20,OKC,1,2,4,4,4,1
1596,2024-25,2025-03-21,UTA,1,3,5,3,6,0
1597,2024-25,2025-03-22,BKN,0,2,4,1,5,1
1598,2024-25,2025-03-24,ATL,0,2,4,0,2,0
1599,2024-25,2025-03-26,ORL,1,2,4,0,9,0
1600,2024-25,2025-03-30,MIN,0,2,4,4,7,0
1601,2024-25,2025-04-01,CLE,1,1,4,1,8,0
1602,2024-25,2025-04-02,LAL,0,1,3,2,9,0
1603,2024-25,2025-04-05,POR,1,0,2,1,7,1
1604,2024-25,2025-04-10,LAC,0,1,3,2,4,0
1605,2024-25,2025-04-11,MIL,0,1,3,0,6,0
